Country,Quarter,GDP_Value
Korea,1995-Q2,19884.7
Sweden,1998-Q1,41848.8
Sweden,1997-Q4,41650.4
Portugal,2024-Q2,41134.1
Sweden,1998-Q4,43265.9
Sweden,1998-Q3,42693.6
Sweden,2020-Q1,59520.1
Sweden,2019-Q4,59596.9
Australia,1995-Q1,36873.5
Australia,1995-Q2,36935.6
Australia,1995-Q3,37669.9
Sweden,2016-Q1,57056.7
Australia,2012-Q1,52134.6
Australia,1998-Q2,40713.3
Australia,1998-Q3,41357.7
Australia,1999-Q2,42141.9
Australia,2000-Q2,43417.3
Australia,2000-Q3,43397.6
Australia,2001-Q2,43599.4
Australia,2002-Q2,45234.5
Australia,2002-Q3,45221
Australia,2023-Q3,57845.8
Australia,2023-Q4,57648.1
Australia,2024-Q1,57406.4
Australia,2024-Q2,57316.3
Australia,2024-Q3,57277.5
Australia,2024-Q4,57440.9
Australia,2025-Q1,57287.1
Sweden,2016-Q2,57339.2
Australia,2002-Q1,44565.6
Australia,2002-Q4,45471.2
Australia,2003-Q1,45406.9
Australia,2003-Q2,45489.4
Australia,2003-Q3,46137.3
Australia,2003-Q4,46792.1
Australia,2004-Q1,46990.4
Australia,2004-Q2,47249
Australia,2004-Q4,47654.1
Australia,2005-Q1,47855
Australia,2005-Q2,47948.9
Australia,2005-Q3,48300.7
Australia,2005-Q4,48543.8
Australia,2006-Q1,48369.6
Australia,2006-Q2,48362.6
Australia,2006-Q3,48877
Australia,2009-Q2,50160.9
Australia,2009-Q3,50118.9
Australia,2009-Q4,50345
Australia,2010-Q1,50337.8
Australia,2010-Q2,50486.2
Australia,2010-Q3,50680.8
Australia,2010-Q4,50937.8
Australia,2011-Q1,50607.6
Australia,2011-Q2,51041.2
Australia,2011-Q3,51537.3
Austria,2013-Q1,58862.1
Austria,2013-Q2,59052.8
Austria,2013-Q3,59119
Australia,2013-Q1,52390.2
Australia,2013-Q2,52391.2
Australia,2013-Q3,52608.2
Australia,2013-Q4,52850.2
Australia,2014-Q1,53017.4
Sweden,2023-Q4,59289.8
Australia,1996-Q3,38333.4
Australia,2018-Q1,55094
Australia,2018-Q2,55319.6
Australia,2018-Q3,55289.3
Australia,2018-Q4,55248.4
Australia,2019-Q1,55388.9
Australia,2019-Q2,55396.4
Australia,2019-Q3,55480.6
Australia,2019-Q4,55636
Australia,2020-Q1,55329.7
Australia,2020-Q2,51551.6
Australia,2020-Q3,53386.3
Australia,2020-Q4,55217.4
Australia,2021-Q1,56406.2
Australia,2021-Q2,56776.4
Australia,2021-Q3,55771.8
Australia,2021-Q4,57591.1
Australia,2022-Q1,57844.3
Australia,2022-Q2,58170.7
Australia,2022-Q3,58102.2
Australia,2022-Q4,58165.6
Australia,2023-Q1,58034.7
Australia,2023-Q2,57927.4
Australia,2004-Q3,47425.5
Australia,2008-Q3,50318.4
Austria,1998-Q1,48184.7
Austria,1998-Q2,48589.2
Austria,1998-Q3,48655.3
Austria,1998-Q4,49090.5
Austria,1999-Q1,49490.6
Austria,1999-Q2,49927.1
Austria,1999-Q3,50672.2
Austria,1999-Q4,51107.8
Austria,2000-Q1,51091.5
Austria,2000-Q2,51643.1
Austria,2000-Q3,52320.1
Austria,2000-Q4,52637.5
Austria,2001-Q1,52429.4
Austria,2001-Q2,52225.6
Austria,2001-Q3,52369.1
Austria,2001-Q4,52430.7
Austria,2002-Q1,52935.6
Austria,2002-Q2,53017.6
Austria,2002-Q3,52944.1
Austria,2002-Q4,52615.4
Austria,2003-Q1,52829
Austria,2003-Q2,53146.6
Australia,1996-Q4,38594.9
Australia,1997-Q1,38740.1
Australia,1997-Q2,39827.5
Australia,1997-Q3,39784.2
Australia,1997-Q4,40260.9
Australia,1998-Q1,40376.5
Austria,2006-Q4,57531.6
Austria,2007-Q1,58130.5
Austria,2007-Q2,58655.4
Austria,2007-Q3,58940.7
Austria,2007-Q4,58833.1
Austria,2008-Q1,60025.7
Austria,2008-Q2,59830.6
Austria,2008-Q3,59359.2
Austria,2008-Q4,57793.5
Austria,2009-Q1,57143.1
Austria,2009-Q2,56826.3
Austria,2009-Q3,56978.6
Austria,2009-Q4,57077
Austria,2010-Q1,56848.1
Austria,2010-Q2,57585.4
Austria,2010-Q3,58224.3
Austria,2010-Q4,58726.6
Austria,2011-Q1,59267.7
Austria,2011-Q2,59214.1
Sweden,2025-Q2,60417.1
Australia,2001-Q3,43982.6
Australia,2001-Q4,44369.8
Austria,2014-Q4,59165.3
Austria,2015-Q1,59065.1
Austria,2015-Q2,59279.2
Austria,2015-Q3,59309.8
Austria,2015-Q4,59267.2
Austria,2016-Q1,59718.3
Austria,2016-Q2,59549.9
Austria,2016-Q3,59756.5
Austria,2016-Q4,59993.1
Austria,2017-Q1,60510.9
Austria,2017-Q2,60649.4
Austria,2017-Q3,60935.5
Austria,2017-Q4,61113.8
Austria,2018-Q1,61402.6
Austria,2018-Q2,61855
Austria,2018-Q3,62034.8
Austria,2018-Q4,62531.4
Austria,2019-Q1,63175.6
Austria,2019-Q2,62733.6
Austria,2019-Q3,62748.9
Austria,2019-Q4,62247.7
Austria,2020-Q1,61494.1
Austria,2020-Q2,53700.5
Austria,2020-Q3,59807.9
Austria,2020-Q4,58862.2
Austria,2021-Q1,58259.4
Austria,2021-Q2,60891.9
Austria,2021-Q3,62703.1
Austria,2021-Q4,62758.5
Austria,2022-Q1,62749.1
Austria,2022-Q2,64294.7
Austria,2022-Q3,64079.9
Austria,2022-Q4,63897.2
Austria,2023-Q1,63716.4
Austria,2023-Q2,62871
Austria,2023-Q3,62485
Austria,2023-Q4,62073.1
Austria,2024-Q1,62059.7
Austria,2024-Q2,61898.1
Austria,2024-Q3,61806.7
Austria,2024-Q4,61998
Austria,2025-Q1,62086.7
Austria,2025-Q2,61996.5
Austria,1996-Q1,45721.9
Austria,1996-Q2,46029.7
Austria,1996-Q3,46305.7
Austria,1996-Q4,46270.7
Australia,2006-Q4,49288.6
Australia,2007-Q1,49679.9
Australia,2007-Q2,49787.3
Australia,2007-Q3,50151
Australia,2007-Q4,50107.2
Australia,2008-Q1,50333.8
Australia,2008-Q2,50254.9
Australia,2008-Q4,49851.7
Australia,2009-Q1,50051
Canada,2006-Q3,47810.3
Canada,2006-Q4,47839.7
Canada,2007-Q1,48090.5
Canada,2007-Q2,48454.1
Canada,2007-Q3,48483.4
Canada,2007-Q4,48380.9
Canada,2008-Q1,48346.4
Canada,2008-Q2,48409.5
Canada,2008-Q3,48631.3
Canada,2008-Q4,47886
Canada,2009-Q1,46728.7
Canada,2009-Q2,46108.1
Canada,2016-Q4,50152.3
Canada,2017-Q1,50705.5
Canada,2017-Q2,51120.8
Canada,2017-Q3,50929.9
Canada,2017-Q4,50941.5
Canada,2018-Q1,51422.4
Canada,2018-Q2,51680.2
Canada,2018-Q3,51704.1
Australia,1995-Q4,37544
Sweden,2015-Q1,56040.8
Australia,2017-Q2,54433.2
Australia,2017-Q3,54718.2
Australia,2017-Q4,54797.9
Canada,2001-Q4,43876
Canada,2002-Q1,44460.4
Canada,2002-Q2,44603.2
Canada,2002-Q3,44836.1
Canada,2002-Q4,44951.2
Canada,2003-Q1,45160
Canada,2013-Q4,49623
Canada,2014-Q1,49654.1
Canada,2014-Q2,50002.4
Canada,2014-Q3,50320
Canada,2014-Q4,50495
Canada,2015-Q1,50191.6
Canada,2015-Q2,50004.4
Canada,2015-Q3,50046.1
Canada,2015-Q4,49912.8
Canada,2016-Q1,50141.1
Canada,2016-Q2,49754.1
Canada,2016-Q3,50075
Austria,2003-Q3,53459.5
Austria,2003-Q4,53521
Austria,2004-Q1,53561.2
Austria,2004-Q2,54032.4
Austria,2004-Q3,54541.4
Austria,2004-Q4,54609.1
Austria,2005-Q1,54661.8
Austria,2005-Q2,55028.8
Austria,2005-Q3,55033.8
Austria,2005-Q4,55776.8
Austria,2006-Q1,56225
Austria,2006-Q2,56448.3
Austria,2006-Q3,56738.6
Canada,1997-Q1,38395.3
Canada,1997-Q2,38740.9
Canada,1997-Q3,39084.9
Canada,1997-Q4,39345.7
Canada,1998-Q1,39856.5
Canada,1998-Q2,39809.1
Canada,1998-Q3,40071.9
Canada,1998-Q4,40512.1
Canada,1999-Q1,41204.8
Canada,1999-Q2,41469.8
Canada,1999-Q3,41999.9
Canada,1999-Q4,42461.4
Canada,2000-Q1,43078.5
Canada,2000-Q2,43488.4
Canada,2000-Q3,43802.9
Chile,2002-Q3,17885.6
Chile,2002-Q4,18091.9
Chile,2003-Q1,18270
Chile,2003-Q2,18411.7
Chile,2003-Q3,18482.5
Canada,2010-Q3,47305.3
Canada,2010-Q4,47658.5
Canada,2011-Q1,47973.5
Canada,2011-Q2,47970.9
Canada,2011-Q3,48473.3
Canada,2011-Q4,48690.6
Canada,2012-Q1,48639
Canada,2012-Q2,48689.7
Canada,2012-Q3,48586.1
Canada,2012-Q4,48516.1
Canada,2013-Q1,48884.7
Canada,2013-Q2,49061
Canada,2013-Q3,49289
Chile,2013-Q1,26315.8
Chile,2013-Q2,26442.8
Chile,2013-Q3,26561.3
Austria,1997-Q1,46871
Austria,1997-Q2,46762.7
Austria,1997-Q3,47105.3
Austria,1997-Q4,47540.3
Canada,2003-Q2,44994.6
Canada,2003-Q3,45029.9
Canada,2003-Q4,45205.6
Austria,2011-Q3,59477.9
Australia,1998-Q4,41894.5
Sweden,2019-Q1,58471
Australia,2000-Q4,43111
Australia,2001-Q1,43323.2
Austria,2014-Q2,59125.1
Austria,2014-Q3,59081
Canada,2025-Q2,51097
Canada,1995-Q1,37515.6
Canada,1995-Q2,37442.1
Canada,1995-Q3,37375.4
Canada,1995-Q4,37406.3
Canada,1996-Q1,37396.2
Canada,1996-Q2,37576.5
Canada,1996-Q3,37769.3
Canada,1996-Q4,37942.9
Chile,1998-Q1,16990.9
Chile,1998-Q2,17216.9
Chile,1998-Q3,17039.3
Chile,1998-Q4,16425.8
Chile,1999-Q1,16367.8
Chile,1999-Q2,16347.3
Chile,1999-Q3,16632.2
Chile,1999-Q4,17012.9
Chile,2000-Q1,17116.9
Chile,2000-Q2,17093.6
Chile,2000-Q3,17295.4
Chile,2000-Q4,17445.6
Chile,2001-Q1,17509.2
Chile,2001-Q2,17619.3
Chile,2001-Q3,17519.4
Chile,2001-Q4,17572.8
Chile,2002-Q1,17660.1
Chile,2002-Q2,17755.3
Denmark,2009-Q1,57523.7
Chile,2008-Q1,22986.3
Chile,2008-Q2,22952
Chile,2008-Q3,22709.1
Chile,2008-Q4,22471.4
Chile,2009-Q1,22307.3
Chile,2009-Q2,22123
Chile,2009-Q3,22339.4
Chile,2009-Q4,22552.9
Chile,2010-Q1,22620.2
Chile,2010-Q2,23324.9
Chile,2010-Q3,23807.4
Chile,2010-Q4,24023.4
Chile,2011-Q1,24236.4
Chile,2011-Q2,24516.8
Chile,2011-Q3,24606.3
Chile,2011-Q4,25072.5
Chile,2012-Q1,25518.5
Chile,2012-Q2,25920.4
Chile,2012-Q3,26055.6
Chile,2012-Q4,26146.9
Denmark,2021-Q1,63770.8
Denmark,2021-Q2,65897.9
Denmark,2021-Q3,67109.5
Denmark,2021-Q4,69187.1
Denmark,2022-Q1,65389.2
Denmark,2022-Q2,66409.5
Denmark,2022-Q3,67037.7
Chile,2020-Q4,26078
Chile,2021-Q1,26968.3
Chile,2021-Q2,27152.1
Chile,2021-Q3,28234.8
Chile,2021-Q4,28781.6
Chile,2022-Q1,28317.1
Chile,2022-Q2,28220.6
Chile,2022-Q3,28124.1
Chile,2022-Q4,28001.8
Chile,2023-Q1,28004.6
Chile,2023-Q2,28060.9
Denmark,2003-Q3,55404.4
Denmark,2003-Q4,56432
Chile,2023-Q4,28204.4
Chile,2024-Q1,28563
Chile,2024-Q2,28356.1
Chile,2024-Q3,28797.3
Canada,2018-Q4,51566
Australia,2014-Q2,53125.5
Australia,1996-Q1,38011.1
Australia,1996-Q2,38150.7
Australia,2016-Q2,54209.1
Australia,2016-Q3,53964.5
Australia,2016-Q4,54392.6
Australia,2017-Q1,54283.2
Canada,2001-Q3,43766.3
Canada,2001-Q2,43952.8
Chile,2006-Q3,21460.1
Chile,2006-Q4,21863.4
Chile,2007-Q1,22031.7
Chile,2007-Q2,22200.9
Chile,2007-Q3,22206.4
Chile,2007-Q4,22567.9
Denmark,2020-Q3,63547.4
Denmark,2020-Q4,63514.3
Estonia,1995-Q1,14519
Estonia,1995-Q2,14433.9
Estonia,1995-Q3,14439.4
Estonia,1995-Q4,14652.7
Estonia,1996-Q1,14856.5
Estonia,1996-Q2,15168.1
Estonia,1996-Q3,15701.9
Estonia,1996-Q4,16087.9
Estonia,1997-Q1,16724.4
Estonia,1997-Q2,17477
Estonia,1997-Q3,18009.5
Estonia,1997-Q4,18644.6
Estonia,1998-Q1,18789.3
Estonia,1998-Q2,18739.9
Estonia,1998-Q3,18786.4
Estonia,1998-Q4,18475.6
Chile,2013-Q4,26601.5
Chile,2014-Q1,26600.4
Chile,2014-Q2,26725.9
Chile,2014-Q3,26564.2
Chile,2014-Q4,26803.4
Chile,2015-Q1,26880.7
Chile,2015-Q2,27054.4
Chile,2015-Q3,26879.9
Chile,2015-Q4,27042.3
Chile,2016-Q1,27191.9
Chile,2016-Q2,27030.2
Chile,2016-Q3,27118
Chile,2016-Q4,27036.5
Chile,2017-Q1,26722.7
Chile,2017-Q2,26990.7
Chile,2017-Q3,27390.5
Canada,2022-Q1,52554.6
Denmark,2002-Q2,55564.4
Denmark,2002-Q3,55769.1
Denmark,2002-Q4,55612
Denmark,2003-Q1,55743.5
Denmark,2003-Q2,55281.4
Denmark,2004-Q1,56646.3
Denmark,2004-Q2,57028.7
Denmark,2004-Q3,57105.5
Denmark,2004-Q4,57694.8
Denmark,2005-Q1,57406.6
Denmark,2005-Q2,58587.2
Denmark,2005-Q3,58464.5
Denmark,2005-Q4,58738
Denmark,2006-Q1,59300.8
Denmark,2006-Q2,61022.3
Denmark,2006-Q3,60546.9
Denmark,2006-Q4,60416.2
Denmark,2007-Q1,60581.1
Denmark,2007-Q2,59851.9
Denmark,2007-Q3,60795.4
Denmark,2007-Q4,61383.6
Estonia,2018-Q1,40128.5
Estonia,2018-Q2,40493
Estonia,2018-Q3,40747.5
Estonia,2013-Q1,34245.3
Estonia,2013-Q2,34207.7
Estonia,2013-Q3,34182
Denmark,2009-Q3,56507.5
Canada,2004-Q1,45477.6
Canada,2004-Q2,45916.8
Canada,2004-Q3,46322.8
Canada,2004-Q4,46512.3
Canada,2005-Q1,46621.7
Austria,2011-Q4,59646
Australia,1999-Q1,42062.9
Australia,1999-Q3,42469.9
Australia,1999-Q4,43080.9
Australia,2000-Q1,43091.2
Austria,2014-Q1,58941.5
Canada,2010-Q1,47003.9
Canada,2025-Q1,51326
Denmark,2017-Q2,62487
Denmark,2017-Q3,62262
Denmark,2017-Q4,62648
Denmark,2018-Q1,63080.7
Denmark,2018-Q2,62987.6
Denmark,2018-Q3,63253
Denmark,2018-Q4,63282.1
Denmark,2019-Q1,63466.3
Denmark,2019-Q2,63974.2
Denmark,2019-Q3,64131.7
Denmark,2019-Q4,64334.6
Denmark,2020-Q1,63777.6
Denmark,2020-Q2,59961.9
Denmark,2022-Q4,65967.2
Denmark,2023-Q1,66635.4
Denmark,2023-Q2,65749.1
Denmark,2023-Q3,65511.3
Denmark,2023-Q4,66648.9
Denmark,2024-Q1,66880.5
Denmark,2024-Q2,68029.3
Denmark,2024-Q3,68400.3
Denmark,2024-Q4,69111.5
Denmark,2025-Q1,68133.6
Denmark,2025-Q2,68754.7
Denmark,1995-Q1,48673.2
Denmark,1995-Q2,48413.5
Denmark,1995-Q3,48514
Denmark,1995-Q4,48733.3
Denmark,1996-Q1,48786.2
Denmark,1996-Q2,49976.9
Chile,2017-Q4,27524.4
Chile,2018-Q1,27639.3
Chile,2018-Q2,27884.1
Chile,2018-Q3,27621.7
Chile,2018-Q4,27898.6
Chile,2019-Q1,27565.6
Chile,2019-Q2,27791.3
Chile,2019-Q3,27720.3
Chile,2019-Q4,26519.3
Chile,2020-Q1,26890.9
Chile,2020-Q2,23379.2
Chile,2020-Q3,24463.3
Estonia,2000-Q3,20468.5
Estonia,2000-Q4,20956.7
Estonia,2001-Q1,21273.9
Estonia,2001-Q2,21332.2
Estonia,2001-Q3,21804.7
Estonia,2001-Q4,22165.7
Estonia,2002-Q1,22379.2
Estonia,2002-Q2,23205.7
Estonia,2002-Q3,23717
Estonia,2002-Q4,23931.5
Estonia,2003-Q1,24506.2
Estonia,2003-Q2,25113
Estonia,2003-Q3,25399.7
Estonia,2003-Q4,26096.2
Estonia,2004-Q1,26770.7
Estonia,2007-Q4,35513.7
Estonia,2008-Q1,34737.3
Estonia,2008-Q2,35128.1
Estonia,2008-Q3,35164.6
Estonia,2008-Q4,31012
Estonia,2009-Q1,30206.7
Estonia,2009-Q2,29196.3
Estonia,2009-Q3,28680.7
Estonia,2009-Q4,28837.8
Chile,2024-Q4,28915.5
Chile,2025-Q1,29116
Chile,2025-Q2,29176.1
Chile,1996-Q1,15366.6
Chile,1996-Q2,15463.2
Canada,2019-Q1,51582.9
Australia,2014-Q3,53142.1
Australia,2014-Q4,53169.6
Australia,2015-Q1,53454.7
Australia,2015-Q2,53356.4
Australia,2015-Q3,53674.1
Australia,2015-Q4,53829.5
Australia,2016-Q1,54059.5
Canada,2000-Q4,43749.5
Canada,2001-Q1,43938
Chile,2006-Q2,21234.1
Estonia,2022-Q1,44234.8
Estonia,2022-Q2,43594.1
Estonia,2022-Q3,43392.2
Estonia,2022-Q4,42558.8
Estonia,2004-Q2,26620.6
Estonia,2004-Q3,27256
Estonia,2004-Q4,27863.8
Estonia,2005-Q1,28392.1
Estonia,2005-Q2,29556.6
Estonia,2005-Q3,30305.8
Estonia,2005-Q4,31046.9
Estonia,2006-Q1,31813.2
Estonia,2006-Q2,32528.5
Estonia,2006-Q3,33320.8
Denmark,1996-Q3,50009.3
Denmark,1996-Q4,49967.2
Denmark,1997-Q1,50592.9
Denmark,1997-Q2,51336.5
Denmark,1997-Q3,51063.8
Denmark,1997-Q4,51173.6
Denmark,1998-Q1,51913.2
Denmark,1998-Q2,51456.4
Denmark,1998-Q3,52265.3
Denmark,1998-Q4,52559.4
Denmark,1999-Q1,52956.5
Denmark,1999-Q2,53152.3
Denmark,1999-Q3,53331.3
Denmark,1999-Q4,54235
Denmark,2000-Q1,54566.1
Denmark,2000-Q2,55126.1
Denmark,2000-Q3,55172
Denmark,2000-Q4,56021.7
Denmark,2001-Q1,55095.2
Denmark,2001-Q2,55408.7
Denmark,2001-Q3,55736.3
Denmark,2001-Q4,55962.6
Denmark,2002-Q1,55513.4
Finland,2004-Q2,49175.5
Finland,2004-Q3,49680.4
Finland,2004-Q4,50398.9
Finland,2005-Q1,50860.3
Finland,2005-Q2,50186.7
Finland,2005-Q3,50856.3
Finland,2006-Q1,52233.6
Finland,2006-Q2,52229.7
Finland,2007-Q1,54076.2
Finland,2007-Q3,55389.6
Finland,2007-Q4,56032.7
Finland,2008-Q1,55916.9
Finland,2008-Q2,55428.3
Finland,2009-Q1,50685.6
Finland,2009-Q2,50413.3
Finland,2009-Q3,50819.3
Finland,2010-Q1,50795.9
Finland,2010-Q4,52918.4
Finland,2011-Q1,53093.6
Finland,2011-Q4,52870.4
Finland,2012-Q1,52493.5
Finland,2012-Q2,51900.9
Finland,2012-Q3,51641.6
Estonia,2006-Q4,34199.8
Estonia,2007-Q1,35383.7
Estonia,2007-Q2,35565.9
Denmark,2009-Q4,56554.7
Denmark,2010-Q1,56989.6
Denmark,2010-Q2,57173.8
Denmark,2010-Q3,57894.3
Denmark,2010-Q4,57502.7
Canada,2005-Q2,46862.8
Austria,2012-Q1,59835.8
Austria,2012-Q2,59591.1
Austria,2012-Q3,59696.9
Austria,2012-Q4,59175.8
Australia,2011-Q4,51891.1
Australia,2012-Q2,52285.4
Australia,2012-Q3,52381.9
Canada,2009-Q3,46152.1
Canada,2009-Q4,46510.6
Chile,2023-Q3,28345.2
Canada,2024-Q3,51104.8
Canada,2024-Q4,51146.4
Denmark,2017-Q1,61830.1
Finland,1999-Q1,42474.2
Finland,1999-Q2,42670.5
Finland,2000-Q1,44465.5
Finland,2000-Q3,45450
Finland,2001-Q2,46159
Finland,2001-Q4,46254.5
Finland,2002-Q1,46559.6
Finland,2002-Q4,47341.5
Finland,2003-Q1,46978.9
France,2014-Q3,50987.2
France,2014-Q4,50785.7
France,2015-Q1,51025.4
France,2015-Q2,51008.1
France,2015-Q3,51086.3
France,2015-Q4,51163.5
France,2016-Q1,51278.5
France,2016-Q2,51139.9
France,2016-Q3,51160.8
France,2016-Q4,51433.2
France,2017-Q1,51727.6
France,2017-Q2,52073.4
France,2017-Q3,52385.7
France,2017-Q4,52640
France,2018-Q1,52555.4
France,2018-Q2,52633.9
Finland,2014-Q3,50757.4
Finland,2014-Q4,50653.2
Finland,2015-Q1,50213.3
Finland,2015-Q2,50912.4
Finland,2015-Q3,50802.9
Finland,2015-Q4,51057.2
Finland,2016-Q1,51644.7
Finland,2016-Q2,51596.5
Finland,2016-Q3,52106.1
Finland,2016-Q4,52298.2
Finland,2017-Q1,52802.3
Finland,2017-Q3,53668.7
Finland,2018-Q1,54177
Finland,2018-Q3,53982.4
Finland,2018-Q4,54018.6
Finland,2020-Q1,54589.4
Finland,2020-Q3,53512.8
Finland,2020-Q4,54020.4
Finland,2021-Q1,53623.4
Finland,2021-Q2,54463.1
Finland,2000-Q2,44785.1
Finland,2002-Q2,46953.4
Finland,2007-Q2,54946.3
Finland,2010-Q3,51861.3
Estonia,2023-Q1,41310.4
Estonia,2023-Q2,41211.2
Estonia,2023-Q3,41037.8
Estonia,2023-Q4,41115.3
Estonia,2024-Q1,41093
Estonia,2024-Q2,40947.6
Estonia,2024-Q3,40784.4
Estonia,2024-Q4,40667.1
Estonia,2025-Q1,41110.3
Estonia,2025-Q2,41296.8
Finland,1996-Q2,36644.4
Estonia,2010-Q1,29149.3
Estonia,2010-Q2,29630
Estonia,2010-Q3,30112.2
Estonia,2010-Q4,30808.5
Estonia,2011-Q1,31623.8
Chile,1996-Q3,15561.8
Canada,2019-Q2,52007.9
Canada,2019-Q3,51902
Canada,2019-Q4,51761.7
Canada,2020-Q1,50618.5
Canada,2020-Q2,44957.2
Canada,2020-Q3,49012.9
Canada,2020-Q4,49935.2
Canada,2021-Q1,50744.6
Canada,2021-Q2,50575.4
Canada,2021-Q3,51460.7
Canada,2021-Q4,52100
Chile,2005-Q2,20048.9
Chile,2005-Q3,20486.9
Chile,2005-Q4,20701.4
Chile,2006-Q1,20871
Estonia,2021-Q4,44618.3
France,2011-Q1,50410.6
France,2011-Q2,50358.1
France,2011-Q3,50457.9
France,2011-Q4,50575.7
France,2012-Q1,50493.7
France,2012-Q2,50235.4
France,2012-Q3,50327.6
France,2012-Q4,50259.8
Germany,2007-Q2,54214.6
Germany,2007-Q4,54947.8
Germany,2008-Q1,55328.6
France,2014-Q1,50663.3
France,2014-Q2,50725.3
Germany,2017-Q1,60169.7
Germany,2017-Q2,60576.9
France,2018-Q3,52828.7
France,2018-Q4,53167.9
France,2019-Q1,53607
France,2019-Q2,53857.5
France,2019-Q3,53805.2
France,2019-Q4,53503.2
France,2020-Q1,50754.2
France,2020-Q2,44516
France,2020-Q3,51302.7
France,2020-Q4,51189.7
France,2021-Q1,51328.3
France,2021-Q2,51889.9
France,2021-Q3,53382.1
France,2021-Q4,53625
France,2022-Q1,53522.1
France,2022-Q2,53711.9
France,2022-Q3,53943.2
France,2022-Q4,54115.6
France,2023-Q1,54126.4
France,2023-Q2,54581.4
France,2023-Q3,54653
France,2023-Q4,54863.7
France,2024-Q1,54904.5
France,2024-Q2,54973
France,2024-Q3,55124.5
France,2024-Q4,55064.8
France,2025-Q1,55081.9
France,2025-Q2,55231.4
Finland,1998-Q1,40162.5
Finland,1998-Q3,41461.6
Finland,1999-Q4,43183
Estonia,2018-Q4,41106.5
Estonia,2019-Q1,41845.3
Estonia,2019-Q2,41876.5
Estonia,2019-Q3,41916.6
Estonia,2019-Q4,42104.1
Estonia,2020-Q1,41313
Estonia,2020-Q2,39229.6
Estonia,2020-Q3,40872.1
Estonia,2020-Q4,41611.7
Estonia,2021-Q1,43300.7
Estonia,2021-Q2,44217.6
Estonia,2007-Q3,35687.1
France,2013-Q1,50294
France,2013-Q2,50671.4
France,2013-Q3,50486.4
Finland,2014-Q1,50624.3
Denmark,2011-Q1,57837.7
Canada,2005-Q3,47280.5
Canada,2005-Q4,47586.8
Canada,2006-Q1,47911.6
Canada,2006-Q2,47824.5
Canada,2022-Q2,52935.2
Canada,2022-Q3,52861.5
Canada,2022-Q4,52327.3
Canada,2023-Q1,52702.7
Canada,2023-Q2,52484.6
Canada,2023-Q3,51929
Canada,2023-Q4,51357.8
Canada,2024-Q1,51107.3
Canada,2024-Q2,51111.7
Denmark,2015-Q3,59516.8
Denmark,2016-Q1,60180.4
Denmark,2016-Q2,60755.4
Denmark,2016-Q3,61065.4
Denmark,2016-Q4,61366.8
Estonia,2000-Q2,20186.3
Finland,1996-Q3,36795.3
Finland,1997-Q2,38490.5
Finland,1995-Q2,35975.3
Finland,1995-Q3,35782.8
Finland,1995-Q4,35773.3
Finland,1996-Q1,36379.4
Finland,1996-Q4,37501.7
Finland,1997-Q1,37926.2
Estonia,1999-Q1,18388.9
Estonia,1999-Q2,18596.6
Estonia,1999-Q3,18818.2
Estonia,1999-Q4,19353.3
Estonia,2000-Q1,19665.3
Germany,2014-Q3,57911.3
Germany,2014-Q4,58255.8
Germany,2015-Q1,57997.3
Germany,2015-Q2,58178.4
Germany,2015-Q3,58382.3
Germany,2015-Q4,58576.3
Germany,2016-Q1,58979.7
Germany,2016-Q2,59025.9
Germany,2016-Q3,59178.9
Germany,2016-Q4,59417.5
Germany,2000-Q2,49224.4
Germany,2000-Q3,49257.3
Germany,2000-Q4,49045.8
Germany,2001-Q1,50078.4
Germany,2001-Q2,49934.2
France,1995-Q1,40667.8
France,1995-Q2,40898.7
France,1995-Q3,40927.1
France,1995-Q4,40875.8
France,1996-Q1,41124.9
France,1996-Q2,41168.9
France,1996-Q3,41292.3
France,1996-Q4,41415.2
France,1997-Q1,41555.9
France,1997-Q2,41956.1
France,1997-Q3,42337.5
France,1997-Q4,42720.4
France,1998-Q1,43094.6
France,1998-Q2,43362.8
France,1998-Q3,43541.5
France,1998-Q4,43789.2
France,1999-Q1,44034.3
France,1999-Q2,44259.1
France,1999-Q3,44845.1
France,1999-Q4,45409.2
France,2000-Q1,45760.2
France,2000-Q2,46191.2
France,2000-Q3,46469.5
France,2000-Q4,46668.6
France,2001-Q1,46824.6
France,2001-Q2,46749.6
Finland,1997-Q4,40505.2
Finland,1999-Q3,42857.5
Finland,2000-Q4,45957.5
Finland,2001-Q1,46157.3
Finland,2001-Q3,46438.5
Estonia,2011-Q2,32094.3
Chile,1996-Q4,15729.4
Chile,1997-Q1,16029.8
Chile,1997-Q2,16306.4
Chile,1997-Q3,16617.4
Chile,1997-Q4,16913.6
Denmark,2008-Q1,61065.9
Denmark,2008-Q2,60398.2
Denmark,2008-Q3,59975
Denmark,2008-Q4,58747.4
Denmark,2015-Q4,59620.6
Chile,2004-Q1,18849.9
Chile,2004-Q2,19127.4
Chile,2004-Q3,19566.8
Chile,2004-Q4,19828.1
Chile,2005-Q1,19797.9
Estonia,2016-Q3,37344.7
Estonia,2016-Q4,37799.6
Estonia,2017-Q1,38557
Estonia,2017-Q2,39208.8
Estonia,2017-Q3,39354.5
Estonia,2017-Q4,39904.4
France,2010-Q4,49814.9
Finland,2020-Q2,51022.3
Finland,2023-Q1,54689.5
Finland,1995-Q1,35056.3
Finland,2003-Q3,48158.6
Finland,2003-Q4,48225.1
Finland,2004-Q1,48811.1
France,2009-Q1,48699.8
France,2009-Q2,48726.9
France,2009-Q3,48742
France,2009-Q4,49030.2
France,2010-Q1,49140.3
France,2010-Q2,49311.1
France,2010-Q3,49576
Germany,1999-Q4,48101.4
Germany,2000-Q1,48836
Germany,2002-Q4,49894
Germany,2003-Q1,49219.3
Germany,2003-Q3,49763.7
Germany,2003-Q4,49837.6
Germany,2004-Q1,49771.7
Germany,2004-Q2,50083
Germany,2004-Q3,49939
Germany,2006-Q1,51582.9
Germany,2006-Q3,52922.1
Germany,2007-Q1,53835.2
Germany,2007-Q3,54520.1
Germany,2020-Q1,60788.6
Germany,2020-Q2,55408.3
Germany,2020-Q3,60240.8
Germany,2020-Q4,60865.7
Germany,2021-Q1,60511.5
Germany,2021-Q2,61952.7
Germany,2021-Q3,62023.7
Germany,2021-Q4,62381.5
Germany,1995-Q1,44284
Germany,1995-Q2,44615
Germany,1995-Q4,44663.2
Germany,1996-Q1,44326.8
Germany,1996-Q2,44915.8
Greece,2008-Q4,40062.7
Greece,2009-Q1,38018.3
Greece,2009-Q3,38825.2
Germany,2008-Q3,54901.5
Greece,2017-Q2,30938
Greece,2017-Q3,31236.4
Greece,2017-Q4,31022.4
Greece,2018-Q1,31507.5
Greece,2018-Q2,31576.3
Greece,2018-Q3,31674.7
Greece,2018-Q4,31886
Greece,2019-Q1,32257.1
Estonia,2021-Q3,43999.1
France,2008-Q4,49688.1
France,2001-Q4,46643.5
France,2002-Q1,46826.7
France,2002-Q2,46962.6
Finland,2014-Q2,50675
Denmark,2011-Q2,58331.8
Denmark,2011-Q3,57527.6
Denmark,2011-Q4,57920
Denmark,2012-Q1,57727.2
Denmark,2012-Q2,57657.2
Denmark,2012-Q3,57710.4
Denmark,2012-Q4,57657.8
Denmark,2013-Q1,58020.6
Denmark,2013-Q2,58072.2
Denmark,2013-Q3,58497.7
Denmark,2013-Q4,58437.4
Denmark,2014-Q1,58360
Denmark,2014-Q2,58322.2
Denmark,2014-Q3,59093.3
Denmark,2014-Q4,58971.3
Denmark,2015-Q1,59306.6
Denmark,2015-Q2,59594.6
Finland,2023-Q3,53736.9
Finland,2023-Q4,53464.5
Finland,2024-Q1,53757.2
Finland,2024-Q2,53897.2
Finland,2024-Q3,54171.6
Finland,2024-Q4,54009.1
Finland,2025-Q1,53994.8
Finland,2025-Q2,53733.3
France,2005-Q1,48332.7
France,2005-Q2,48349.7
France,2005-Q3,48629.1
France,2005-Q4,48878.6
France,2006-Q1,49223
France,2006-Q2,49732.4
France,2006-Q3,49688.6
France,2006-Q4,49882.8
France,2007-Q1,50327.8
Finland,1997-Q3,39357.2
Finland,1998-Q2,40935.8
Finland,1998-Q4,41807.2
Germany,2008-Q4,54100.5
Germany,2009-Q1,51623
Germany,2011-Q4,56493.1
Germany,2012-Q1,56577.9
Germany,2012-Q2,56633
Germany,2012-Q3,56746.3
Germany,2012-Q4,56564.2
Germany,2013-Q1,56206.1
Germany,2013-Q2,56833.1
Germany,2013-Q3,57105.7
Germany,2013-Q4,57168.6
Germany,2014-Q1,57723.9
Germany,2014-Q2,57658.9
Japan,2014-Q2,41893
Japan,2014-Q3,41937.6
Japan,2014-Q4,42151.8
Japan,2015-Q1,42835.4
Japan,2015-Q2,42893.7
Japan,2015-Q3,42878.9
Japan,2015-Q4,42827.6
Japan,2016-Q1,43176.9
Japan,2016-Q3,43210.2
Japan,2016-Q4,43304.9
Japan,2017-Q1,43666.8
Japan,2017-Q2,43830.9
Japan,2017-Q3,44238.7
Japan,2017-Q4,44301.4
Japan,2018-Q1,44367.9
Japan,2018-Q2,44533.4
Hungary,1995-Q1,18747.3
Hungary,1995-Q3,18717.1
Hungary,1995-Q4,18644.3
Hungary,1996-Q1,18813.3
Hungary,1996-Q3,18648.6
Hungary,1996-Q4,18890.2
Hungary,1997-Q1,19064.4
France,2001-Q3,46933.1
Germany,1996-Q4,45470.2
Germany,1997-Q1,45234.3
Germany,1997-Q2,45728.4
Germany,1997-Q4,46282.8
Finland,2002-Q3,46820.2
Estonia,2011-Q3,32540
Estonia,2011-Q4,32561.2
Estonia,2012-Q1,32812.7
Estonia,2012-Q2,33387.4
Estonia,2012-Q3,33698
Estonia,2012-Q4,34084.1
Finland,2012-Q4,51505.8
Finland,2013-Q2,51195.7
Finland,2013-Q3,51252.8
Estonia,2014-Q1,34842
Estonia,2014-Q2,35034.7
Estonia,2014-Q3,35505.1
Estonia,2014-Q4,36099
Estonia,2015-Q1,35590
Estonia,2015-Q2,36280.1
Estonia,2015-Q3,36587.2
Estonia,2015-Q4,36544.2
Estonia,2016-Q1,37010.2
Estonia,2016-Q2,36939.1
Finland,2011-Q3,52885.1
Finland,2013-Q1,51017.6
Finland,2017-Q2,53469.5
Finland,2017-Q4,54063.8
Finland,2018-Q2,54066.5
Finland,2019-Q1,54495.5
Finland,2019-Q2,54868.2
Finland,2019-Q3,54856.1
Finland,2019-Q4,54729
Germany,2004-Q4,49938.2
Germany,2005-Q1,50036.7
France,2007-Q2,50584.4
France,2007-Q3,50673.3
France,2007-Q4,50655.7
France,2008-Q1,51025.4
France,2008-Q2,50577.3
France,2008-Q3,50391.2
Greece,2015-Q3,29899.6
Greece,2015-Q4,30668.6
Greece,2016-Q1,30400
Greece,2016-Q2,30397.6
Greece,2016-Q3,30491.9
Greece,2016-Q4,30682.3
Greece,2017-Q1,30755.3
Germany,2009-Q2,51801.6
Germany,2009-Q3,52152.2
Germany,2009-Q4,52576.3
Germany,2010-Q1,53022
Germany,2010-Q2,54191.1
Germany,2010-Q3,54729
Germany,2010-Q4,55086.5
Germany,2011-Q1,56097.8
Germany,2011-Q2,56246.4
Germany,2011-Q3,56528
Germany,2017-Q3,61041.9
Germany,2017-Q4,61640.4
Germany,2018-Q1,61270
Germany,2018-Q2,61725.3
Germany,2018-Q3,61305.5
Germany,2018-Q4,61569.8
Germany,2019-Q1,61959.4
Germany,2019-Q2,61986.8
Germany,2019-Q3,62228.8
Germany,2019-Q4,62040.6
Greece,2014-Q1,30070.7
Greece,2014-Q2,30148.5
Greece,2014-Q3,30494.5
Greece,2014-Q4,30308.8
Greece,2015-Q1,30487.2
Greece,2015-Q2,30471.9
Hungary,2019-Q3,37419.8
Hungary,2019-Q4,37653.4
Hungary,2020-Q1,37545.7
Hungary,2020-Q2,32110.2
Greece,2019-Q2,32559.1
Greece,2019-Q4,32373.8
Greece,2020-Q1,31758.3
Greece,2020-Q2,27408.4
Greece,2020-Q3,29115.8
Greece,2020-Q4,29900
Greece,2021-Q1,31200.7
Greece,2021-Q2,31687.5
Greece,2021-Q3,32652.8
Greece,2021-Q4,33169.8
Hungary,1995-Q2,18714.9
Hungary,1996-Q2,18675.4
Hungary,1997-Q2,19273.7
Hungary,1997-Q3,19450
Hungary,1998-Q2,20105.8
Hungary,1998-Q4,20326.1
Hungary,1999-Q4,21245
Hungary,2000-Q3,21866.3
Hungary,2001-Q2,22643.3
France,2002-Q3,47076.7
Finland,2021-Q3,54962.5
Finland,2021-Q4,55372.9
Finland,2022-Q1,54976.2
Finland,2022-Q2,55140.2
Finland,2022-Q3,54949.3
Finland,2022-Q4,54416.2
Finland,2023-Q2,54731.1
Hungary,2001-Q3,22857.3
France,2002-Q4,47036
France,2003-Q1,47098.8
France,2003-Q2,46808
France,2003-Q3,47233.1
France,2003-Q4,47311.8
France,2004-Q1,47739.2
France,2004-Q2,47860.5
France,2004-Q3,47942.8
France,2004-Q4,48278.2
Latvia,2022-Q2,36136.8
Latvia,2022-Q3,35888.2
Latvia,2022-Q4,36047.7
Latvia,2023-Q1,36155
Latvia,2023-Q2,35783.3
Latvia,2023-Q3,35741.3
Latvia,2023-Q4,35578.4
Latvia,2024-Q1,35686.4
Latvia,2024-Q2,35948.4
Latvia,2024-Q3,36140.5
Latvia,2024-Q4,36300
Latvia,2025-Q1,36518.5
Latvia,2025-Q2,36818
Hungary,2008-Q4,28190.3
Hungary,2001-Q4,23044.6
Hungary,2003-Q3,25046.4
Hungary,2008-Q1,29116
Hungary,2009-Q3,27033.4
Hungary,2012-Q1,27952.5
Hungary,2014-Q1,29312.9
Hungary,2014-Q4,30223.1
Hungary,2015-Q1,30743.9
Hungary,2015-Q2,30815.3
Hungary,2015-Q3,31078.4
Germany,1995-Q3,44673.2
Germany,1996-Q3,45069.1
Germany,1997-Q3,45914.8
Germany,1998-Q2,46513.6
Germany,1998-Q3,46764.2
Germany,1998-Q4,46765.5
Germany,1999-Q2,47241.9
Germany,1999-Q3,47876.6
Greece,2002-Q3,33288.3
Greece,2002-Q4,33553.1
Greece,2003-Q1,34168.2
Greece,2003-Q2,34765.1
Greece,2003-Q3,34994.7
Greece,2003-Q4,35635.5
Greece,2004-Q1,36336.3
Greece,2004-Q2,36367
Germany,2001-Q3,49918.9
Germany,2001-Q4,49747.4
Hungary,1997-Q4,19621.1
Hungary,1998-Q1,19789
Hungary,1998-Q3,20305.6
Hungary,1999-Q1,20348.6
Hungary,1999-Q2,20587
Hungary,1999-Q3,20989
Hungary,2000-Q1,21444
Hungary,2000-Q2,21660.3
Hungary,2000-Q4,22288.7
Hungary,2001-Q1,22450.8
Hungary,2002-Q1,23592.6
Hungary,2002-Q2,23737.5
Hungary,2002-Q3,23972.2
Hungary,2002-Q4,24279.2
Hungary,2003-Q1,24459.4
Greece,1997-Q1,27380.7
Greece,1997-Q2,27751.1
Greece,1997-Q3,28116.3
Greece,1997-Q4,28305.7
Germany,1998-Q1,46713.2
Finland,2003-Q2,47630.4
Finland,2005-Q4,50969.7
Finland,2006-Q3,52681.3
Finland,2006-Q4,53073.8
Finland,2008-Q3,55535.2
Finland,2008-Q4,54269.7
Finland,2009-Q4,50399.3
Finland,2010-Q2,52191.6
Finland,2011-Q2,52906.7
Hungary,2013-Q2,28269.7
Hungary,2013-Q3,28741.1
Hungary,2013-Q4,29007
Hungary,2014-Q2,29721.6
Hungary,2014-Q3,30031
Hungary,2015-Q4,31433.9
Hungary,2016-Q1,31385.3
Hungary,2016-Q2,31799.6
Greece,1998-Q1,28627.8
Germany,1999-Q1,47308.2
Germany,2003-Q2,49303.2
Mexico,2010-Q4,20079.2
Mexico,2011-Q1,20156.3
Mexico,2011-Q2,20181.6
Mexico,2011-Q4,20572.6
Mexico,2012-Q1,20712.1
Mexico,2012-Q2,20790.7
Mexico,2013-Q1,20832.1
Mexico,2013-Q2,20688.7
Latvia,1995-Q1,10262.8
Latvia,1995-Q2,10286
Latvia,1995-Q3,10192.5
Latvia,1995-Q4,10267.4
Latvia,1996-Q1,10255
Latvia,1996-Q2,10284.3
Latvia,1996-Q3,10682.2
Latvia,1996-Q4,11150.5
Latvia,1997-Q1,11095.1
Latvia,1997-Q2,11747.4
Latvia,1997-Q3,11970.8
Latvia,1997-Q4,11933.4
Latvia,1998-Q1,12690.2
Latvia,1998-Q2,12720.5
Latvia,1998-Q3,12722.1
Latvia,1998-Q4,12217.7
Latvia,1999-Q1,12783.3
Latvia,1999-Q2,12606.6
Latvia,2002-Q1,15509.3
Latvia,2002-Q2,16216.5
Latvia,2002-Q3,16425
Latvia,2002-Q4,17059.6
Latvia,2003-Q1,17207.1
Latvia,2003-Q2,17625.9
Latvia,2003-Q3,18165.7
Latvia,2003-Q4,18457.8
Latvia,2005-Q4,23442.7
Hungary,2016-Q4,32331.3
Hungary,2016-Q3,32004.3
Greece,1998-Q2,28668.6
Greece,1998-Q3,28674.9
Hungary,2020-Q3,35915.5
Hungary,2020-Q4,36612.3
Hungary,2021-Q1,37141.2
Hungary,2021-Q2,37983.3
Japan,2013-Q2,41898.2
Japan,2013-Q3,42307.3
Japan,2018-Q3,44345.6
Japan,2018-Q4,44272.1
Japan,2019-Q1,44402.4
Japan,2019-Q2,44599.2
Japan,2019-Q3,45076.9
Greece,1995-Q2,26727.2
Greece,1996-Q1,26951.3
Greece,2008-Q2,40393.9
Greece,2009-Q2,38977.6
Greece,2009-Q4,38738.7
Greece,2019-Q3,32398.9
Greece,1995-Q1,26473.9
Greece,1995-Q3,26842.3
Greece,1995-Q4,27018.4
Greece,1996-Q2,26904.6
Greece,1996-Q3,27087.7
Greece,1996-Q4,27226.5
Hungary,2006-Q3,28612.9
Hungary,2006-Q4,28896.2
Hungary,2007-Q1,28547.1
Hungary,2007-Q2,28538.9
Hungary,2007-Q3,28696.1
Hungary,2007-Q4,28803.4
Hungary,2008-Q2,29271
Hungary,2008-Q3,29208.7
Greece,2012-Q3,29974.6
Greece,2012-Q4,29722.4
Greece,2013-Q1,29561.6
Greece,2013-Q2,29648.2
Greece,2013-Q3,29882.9
Greece,2013-Q4,30082.3
Japan,2007-Q4,41736.9
Japan,2008-Q1,41922.2
Japan,2008-Q2,41658.3
Japan,2008-Q3,41146.2
Japan,2008-Q4,40132.4
Latvia,2022-Q1,36390.3
Japan,2023-Q3,45072.7
Japan,2023-Q4,45097.3
Japan,2024-Q1,45049.7
Japan,2024-Q2,45275.6
Japan,2024-Q4,45922.5
Japan,2011-Q1,40268
Japan,2016-Q2,43101.5
Japan,2007-Q3,41552.7
Netherlands,2011-Q4,59729.4
Netherlands,2012-Q1,59636.6
Netherlands,2012-Q2,59578.4
Netherlands,2012-Q3,59233.7
Netherlands,2012-Q4,58842.6
Netherlands,2013-Q1,58793.5
Netherlands,2013-Q2,59020.7
Netherlands,2013-Q3,59257.5
Mexico,2014-Q3,21054.7
Mexico,2015-Q4,21407.4
Mexico,2018-Q2,21791.9
Mexico,2005-Q1,19978.5
Mexico,2005-Q2,19909.6
Mexico,2006-Q1,20675.6
Mexico,2006-Q2,20783
Mexico,2006-Q3,20763.7
Mexico,2006-Q4,20765.7
Mexico,2007-Q1,20839.7
Mexico,2007-Q2,20904.4
Mexico,2007-Q3,20907.9
Mexico,2008-Q1,20819
Mexico,2008-Q2,20889.4
Mexico,2008-Q3,20838
Mexico,2008-Q4,20434.3
Mexico,2009-Q1,19106.3
Mexico,2009-Q2,18728.7
Mexico,2009-Q3,19336.2
Mexico,2009-Q4,19686.5
Germany,2002-Q1,49508.1
Germany,2002-Q2,49693.5
Germany,2002-Q3,50032.8
Greece,2008-Q1,40789.2
Greece,2008-Q3,40374.6
Germany,2005-Q2,50355.2
Germany,2005-Q3,50768.1
Germany,2005-Q4,50984
Germany,2006-Q2,52492.1
Germany,2006-Q4,53729.3
Hungary,2003-Q2,24738.1
Hungary,2003-Q4,25309.5
Hungary,2004-Q1,25740.1
Hungary,2004-Q2,26028.8
Hungary,2004-Q3,26352.7
Hungary,2004-Q4,26463.8
Hungary,2005-Q1,26727.4
Hungary,2005-Q2,27282.3
Hungary,2005-Q3,27494.1
Hungary,2005-Q4,27813.9
Hungary,2006-Q1,28031.9
Hungary,2006-Q2,28448.3
Japan,2009-Q1,38236.9
Japan,2009-Q2,38988.4
Japan,2009-Q3,38985.5
Hungary,2011-Q1,27884.3
Hungary,2011-Q2,27853.1
Hungary,2011-Q3,27904.4
Hungary,2011-Q4,28241
Hungary,2012-Q2,27721.1
Hungary,2012-Q3,27812.2
Hungary,2012-Q4,27770.3
Hungary,2013-Q1,27974.1
Japan,2011-Q4,40835.9
Japan,2012-Q1,41458.4
Japan,2012-Q2,41070.6
Japan,2012-Q3,40924.4
Japan,2012-Q4,40911.5
Japan,2013-Q1,41515.9
Latvia,2005-Q1,20855.7
Latvia,2005-Q2,21610.5
Latvia,2005-Q3,22570.8
Mexico,2012-Q4,20871.3
Mexico,2013-Q4,20796.2
Mexico,2010-Q2,19858.6
Mexico,2010-Q3,19973.8
New Zealand,1997-Q2,31789.3
New Zealand,1997-Q3,32332.8
New Zealand,1997-Q4,31709.5
New Zealand,1998-Q1,31565.3
New Zealand,1998-Q2,31477.1
New Zealand,1998-Q3,31587.4
New Zealand,1998-Q4,32325.9
New Zealand,1999-Q1,32509.7
New Zealand,1999-Q2,32834.7
Netherlands,2022-Q1,67956
Netherlands,2022-Q2,69323.2
Netherlands,2022-Q3,69152.6
Netherlands,2022-Q4,68813.6
Netherlands,1996-Q1,45569.8
Netherlands,1996-Q2,46184.2
Netherlands,1996-Q3,46795.3
Netherlands,1996-Q4,47004.8
Netherlands,1997-Q1,47344.3
Netherlands,1997-Q2,47881.4
Netherlands,1997-Q3,48517.7
Latvia,2001-Q4,15417.1
Latvia,2013-Q1,26661.9
Latvia,2013-Q2,26934.8
Latvia,2013-Q3,27360.9
Mexico,2005-Q3,20046.3
Mexico,2005-Q4,20347.5
Mexico,2011-Q3,20483.8
Mexico,2020-Q2,16901.7
Mexico,2020-Q3,19473.5
Mexico,2020-Q4,20263.4
Mexico,2007-Q4,20886.2
Mexico,2012-Q3,20769.4
Mexico,2013-Q3,20753.8
Greece,1998-Q4,28758.8
Greece,1999-Q1,28963.3
Greece,1999-Q2,29145.3
Greece,1999-Q3,29320.6
Greece,1999-Q4,29779.3
Greece,2000-Q1,29821.8
Greece,2000-Q2,30201
Greece,2000-Q3,30649.1
Greece,2000-Q4,31008.3
Greece,2001-Q1,31462.3
Greece,2001-Q2,31349.5
Greece,2001-Q3,31874
Greece,2001-Q4,32055.1
Greece,2002-Q1,32317.7
Greece,2002-Q2,33070.1
Greece,2004-Q3,36852.2
Greece,2004-Q4,36875.9
Greece,2005-Q1,36539.1
Greece,2005-Q2,36729.8
Greece,2005-Q3,37260.7
Greece,2005-Q4,37454.8
Greece,2006-Q1,38686.8
Greece,2006-Q2,38920.6
Greece,2006-Q3,39148.2
Greece,2006-Q4,40190.6
Greece,2007-Q1,39946
Greece,2007-Q2,40958
Greece,2007-Q3,40740
Greece,2007-Q4,40256.1
Greece,2011-Q1,34037
Greece,2011-Q2,33434.7
Greece,2011-Q3,32729
Greece,2011-Q4,31284.9
Greece,2012-Q1,31043
Greece,2012-Q2,30358.9
Japan,2020-Q1,43732.5
Japan,2020-Q2,40435.8
Japan,2020-Q3,42681.6
Japan,2020-Q4,43435.5
Japan,2021-Q1,43619.4
Japan,2021-Q2,43809.8
Japan,2021-Q3,43720.1
Japan,2021-Q4,44229.5
Japan,2022-Q1,44154
Japan,2022-Q2,44538.1
Japan,2022-Q3,44458.2
Japan,2022-Q4,44622.8
Japan,2023-Q1,45277.2
Japan,2023-Q2,45380.6
Norway,2013-Q3,65737.4
Norway,2013-Q4,65456.2
Norway,2014-Q1,65929.4
Norway,2014-Q2,66062.1
Norway,2014-Q3,66035.3
Norway,2014-Q4,66376.1
Norway,2009-Q3,65041.2
Norway,2009-Q4,64849.1
Norway,2010-Q1,65782.5
New Zealand,2002-Q2,35481.2
New Zealand,2002-Q3,36086
New Zealand,2002-Q4,36514.7
New Zealand,2003-Q1,36499.6
New Zealand,2003-Q2,36491.2
New Zealand,2003-Q3,36889.1
New Zealand,2003-Q4,37175.8
New Zealand,2004-Q1,38005.8
New Zealand,2004-Q2,37901.2
Latvia,2006-Q2,24674.7
Latvia,2006-Q3,25545.4
Latvia,2006-Q4,26846.4
Latvia,2007-Q1,27491.8
Latvia,2007-Q2,28140
Latvia,2007-Q3,28570.8
Latvia,2007-Q4,28237.7
Latvia,2008-Q1,28703.1
Latvia,2008-Q2,28081.4
Latvia,2008-Q3,27030
Latvia,2008-Q4,26337
Latvia,2009-Q1,25052
Mexico,2010-Q1,19697.9
Latvia,1999-Q3,13179.9
Latvia,1999-Q4,13499.2
Latvia,2000-Q1,13701
Latvia,2000-Q2,13684.8
Latvia,2000-Q3,14165.9
Latvia,2000-Q4,14099
Latvia,2001-Q1,14468.5
Latvia,2001-Q2,15156.2
Latvia,2001-Q3,14869.3
Hungary,2009-Q1,27014.9
Hungary,2009-Q2,27038.9
Hungary,2009-Q4,27023.5
Hungary,2010-Q1,27074
Hungary,2010-Q2,27299.6
Hungary,2010-Q3,27529
Greece,2010-Q2,36638
Greece,2010-Q3,35450
Greece,2010-Q4,35289.7
Hungary,2021-Q3,38484.5
Hungary,2021-Q4,39494.8
Hungary,2022-Q1,40015.5
Hungary,2022-Q2,40373.6
Hungary,2022-Q3,39939
Hungary,2022-Q4,39592.1
Hungary,2023-Q1,39513.1
Hungary,2023-Q2,39499.5
Hungary,2023-Q3,40052
Hungary,2023-Q4,39979.4
Japan,2013-Q4,42273.7
Japan,2014-Q1,42657.2
Japan,2010-Q1,39903.4
Japan,2010-Q2,40381.5
Japan,2010-Q3,40918
Japan,2010-Q4,40588.1
Japan,2011-Q2,39886.4
Japan,2011-Q3,40857.2
Netherlands,2002-Q4,54669.5
Netherlands,2003-Q1,54737.3
Netherlands,2003-Q2,54416.5
New Zealand,2024-Q4,47427.8
New Zealand,2025-Q1,47887.4
New Zealand,2025-Q2,47461.3
New Zealand,1995-Q1,30233.7
New Zealand,1995-Q2,30669.1
New Zealand,1995-Q3,30491.6
New Zealand,1995-Q4,30757.2
New Zealand,1996-Q1,30774.5
New Zealand,1996-Q2,31087.6
New Zealand,1996-Q3,31373.5
New Zealand,1996-Q4,31399.6
New Zealand,1997-Q1,31084.6
New Zealand,2017-Q4,44891.2
New Zealand,2018-Q1,45147.2
New Zealand,2024-Q3,47206.4
Norway,2020-Q1,68424.5
Norway,2020-Q2,64827.3
Norway,2020-Q3,67093.6
Norway,2020-Q4,67517.6
Norway,2021-Q1,68635.9
Norway,2021-Q2,67650.6
Norway,2021-Q3,70708.6
Norway,2021-Q4,70241.8
Norway,2022-Q1,70005.5
Norway,2022-Q2,70625
Norway,2022-Q3,72193.3
Norway,2022-Q4,70814.1
Norway,2023-Q1,70813.8
Norway,2023-Q2,69941.5
Norway,2023-Q3,69298.7
Norway,2023-Q4,70887.5
Norway,2024-Q1,70997.1
Norway,2024-Q2,72011.3
Norway,2024-Q3,70887.2
Norway,2024-Q4,70130.6
Norway,2025-Q1,70068.5
Norway,2025-Q2,70577.9
Norway,1995-Q1,51423.6
Norway,1995-Q2,51640.8
Netherlands,2015-Q1,60604
Netherlands,2015-Q3,61027.6
Netherlands,2015-Q4,61066.7
Netherlands,2016-Q1,61405.1
Netherlands,2016-Q2,61810.5
Netherlands,2016-Q3,62245.3
Netherlands,2016-Q4,62627.5
Netherlands,2017-Q1,62928.8
Netherlands,2017-Q2,63183.3
Netherlands,2017-Q3,63544
Netherlands,2017-Q4,63826.3
Netherlands,2018-Q1,64215.8
Netherlands,2018-Q2,64449.3
Netherlands,2018-Q3,64486.8
Netherlands,2018-Q4,64538.9
Netherlands,2019-Q1,65268
Netherlands,2019-Q2,65474.2
Netherlands,2019-Q3,65623.6
Netherlands,2019-Q4,65513.7
Netherlands,2020-Q1,64755
Netherlands,2020-Q2,59326.1
Netherlands,2020-Q3,63131.7
Netherlands,2020-Q4,63246.7
Netherlands,2021-Q1,63829.4
Netherlands,2021-Q2,66260.7
Netherlands,2021-Q3,67322.1
Netherlands,2021-Q4,67191.7
Latvia,2006-Q1,23714.3
Hungary,2017-Q1,32751.2
Hungary,2017-Q2,33172.3
Hungary,2017-Q3,33505.2
Hungary,2017-Q4,34023.5
Hungary,2018-Q1,34703.3
Hungary,2018-Q2,35033.8
Hungary,2018-Q3,35569.1
Hungary,2018-Q4,35972
Hungary,2019-Q1,36759.4
Hungary,2019-Q2,36910.9
Japan,2019-Q4,43484
Mexico,2016-Q4,21659.3
Mexico,2019-Q2,21497.4
Mexico,2019-Q3,21432.1
Mexico,2019-Q4,21214.1
Mexico,2020-Q1,20908.2
New Zealand,2023-Q4,48401.6
New Zealand,2024-Q1,48270.8
New Zealand,2024-Q2,47767.2
New Zealand,1999-Q3,33261.3
New Zealand,1999-Q4,33516.9
New Zealand,2000-Q1,34209.2
New Zealand,2000-Q2,33981.6
New Zealand,2000-Q3,34084.7
New Zealand,2000-Q4,34177.3
New Zealand,2001-Q1,33826.4
Norway,2013-Q2,65530.6
New Zealand,2019-Q3,46228.8
New Zealand,2019-Q4,46263.7
New Zealand,2020-Q1,45551.3
New Zealand,2020-Q2,40831
New Zealand,2020-Q3,46487.2
New Zealand,2020-Q4,46661.6
New Zealand,2021-Q1,47611.7
New Zealand,2021-Q2,48027.5
New Zealand,2021-Q3,45989.1
New Zealand,2021-Q4,47794.7
New Zealand,2022-Q1,47855.2
New Zealand,2022-Q2,48506.8
New Zealand,2022-Q3,49675.5
New Zealand,2022-Q4,49407
New Zealand,2023-Q1,48859.5
New Zealand,2023-Q2,48961.9
New Zealand,2023-Q3,48631.2
Spain,2000-Q1,37242.6
Spain,2000-Q2,37668.7
Spain,2000-Q3,38003
Spain,2000-Q4,38359.2
Spain,2001-Q1,38709.9
Spain,2001-Q2,38966.2
Spain,2001-Q3,39287.6
Latvia,2009-Q2,23613.8
Latvia,2009-Q3,22582.9
Latvia,2009-Q4,22870.2
Latvia,2010-Q1,23003.9
Latvia,2010-Q2,22957.2
Latvia,2010-Q3,23017.3
Latvia,2010-Q4,23387.3
Latvia,2011-Q1,23349.2
Latvia,2011-Q2,24091.8
Latvia,2011-Q3,24608.3
Latvia,2011-Q4,24803.1
Latvia,2012-Q1,26183.7
Latvia,2012-Q2,26125.2
Latvia,2012-Q3,26377.4
Latvia,2012-Q4,26573.3
Latvia,2014-Q2,27784.4
Latvia,2014-Q3,28136.7
Latvia,2014-Q4,28264.8
Latvia,2015-Q1,28674.3
Latvia,2015-Q2,29108.7
Latvia,2015-Q3,29641.8
Latvia,2015-Q4,29628.4
Latvia,2018-Q1,32455.5
Latvia,2018-Q2,32987.9
Latvia,2018-Q3,33254.1
Latvia,2018-Q4,33591.5
Latvia,2019-Q1,33608.7
Latvia,2019-Q2,33582.5
Latvia,2019-Q3,33789.3
Latvia,2019-Q4,33625.6
Latvia,2020-Q1,33542.1
Latvia,2020-Q2,30239.3
Latvia,2020-Q3,33562.6
Latvia,2020-Q4,33765.4
Latvia,2021-Q1,33915.6
Latvia,2021-Q2,34288.8
Latvia,2021-Q3,36399.7
Latvia,2021-Q4,36440.7
Netherlands,2006-Q1,57347.3
Netherlands,2006-Q2,58276.6
Netherlands,2006-Q3,58549.8
New Zealand,2012-Q3,40884.6
New Zealand,2012-Q4,41262.7
New Zealand,2013-Q2,41110.8
New Zealand,2013-Q4,41457
New Zealand,2015-Q1,42505
Netherlands,2013-Q4,59548.4
Netherlands,2014-Q1,59653.9
Netherlands,2014-Q2,59792.5
Netherlands,2014-Q3,59699.5
Netherlands,2014-Q4,60431.4
Netherlands,2015-Q2,60825.3
New Zealand,2016-Q2,43629.9
New Zealand,2016-Q3,43766.4
New Zealand,2016-Q4,43609.2
New Zealand,2017-Q1,43975
New Zealand,2017-Q2,44230.4
New Zealand,2017-Q3,44515.3
Norway,2015-Q4,66433.4
Norway,2016-Q1,66646.5
Norway,2016-Q2,66485.2
Norway,2016-Q3,66104.2
Norway,2016-Q4,66849.3
Norway,2017-Q1,67504.1
Norway,2017-Q2,68038.1
Norway,2017-Q3,68348.8
Norway,2017-Q4,67843.8
Norway,2018-Q1,68099.1
Norway,2018-Q2,68188.1
Norway,2018-Q3,68488.6
Norway,2018-Q4,68408.8
Norway,2019-Q1,68029
Norway,2019-Q2,68498.5
Norway,2019-Q3,68758.9
Norway,2019-Q4,69186.6
Switzerland,1996-Q3,58654.8
Switzerland,1996-Q4,58809.6
Switzerland,1997-Q1,59049.8
Switzerland,1997-Q2,59575.3
Norway,1995-Q3,52353.3
Norway,1995-Q4,52712.8
Netherlands,1997-Q4,48996.1
Mexico,2017-Q1,21718.8
Mexico,2017-Q2,21686.9
Mexico,2017-Q3,21493.7
Mexico,2017-Q4,21732
Mexico,2018-Q1,21942.4
Mexico,2018-Q3,21806.8
Mexico,2018-Q4,21693.3
Mexico,2019-Q1,21623.3
Latvia,2004-Q1,19110.1
Latvia,2004-Q2,19388.7
Latvia,2004-Q3,19708.1
Latvia,2004-Q4,20337.4
Latvia,2014-Q1,27688.8
Latvia,2016-Q1,30017.4
Latvia,2016-Q2,30194.4
Latvia,2016-Q3,30278.7
Latvia,2016-Q4,30699.1
Latvia,2017-Q1,31099.1
Latvia,2017-Q2,31327.6
Latvia,2017-Q3,31695.1
Latvia,2017-Q4,32003.6
New Zealand,2009-Q2,39207.1
New Zealand,2009-Q3,39339.8
New Zealand,2009-Q4,39669.2
New Zealand,2010-Q1,40012.5
New Zealand,2010-Q2,40153.6
New Zealand,2010-Q3,39505.9
New Zealand,2010-Q4,38931.9
New Zealand,2011-Q1,39500.2
Netherlands,2006-Q4,59018.3
Netherlands,2007-Q1,59662.9
Mexico,2014-Q1,20871.9
Mexico,2014-Q2,21083.2
Mexico,2014-Q4,21173.6
Mexico,2015-Q1,21213.9
Mexico,2015-Q2,21344
Mexico,2015-Q3,21531.4
Mexico,2016-Q1,21330.9
Mexico,2016-Q2,21353.7
Mexico,2016-Q3,21481
Netherlands,2011-Q3,60124.8
New Zealand,2014-Q4,42412.4
New Zealand,2015-Q2,42643.7
New Zealand,2015-Q3,43029.5
New Zealand,2015-Q4,43204.2
Norway,2000-Q3,60439.2
Norway,2000-Q4,60387.5
Norway,2001-Q1,61245.2
Norway,2001-Q2,61120.7
Norway,2001-Q3,61524.4
Norway,2001-Q4,61788.7
Norway,2002-Q1,61650
Norway,2002-Q2,62378.1
New Zealand,2018-Q2,45363.7
New Zealand,2018-Q3,45251.3
New Zealand,2018-Q4,45805.2
New Zealand,2019-Q1,46178.7
New Zealand,2019-Q2,46004.8
Spain,2019-Q4,44521.7
Spain,2020-Q1,42152.2
Spain,2020-Q2,34642.7
Spain,2020-Q3,40141.2
Spain,2020-Q4,40423.9
Spain,2021-Q1,40931.4
Spain,2021-Q2,41526.5
Spain,2021-Q3,42312.5
Norway,2015-Q1,66585.1
Norway,2015-Q2,66657.6
New Zealand,2016-Q1,43348.4
Spain,1998-Q3,34873.6
Spain,1998-Q4,35194.1
Spain,1999-Q1,35522.9
Spain,1999-Q2,35898.8
Spain,1999-Q3,36339.1
Spain,1999-Q4,36692.3
United States,2020-Q1,65821.6
Spain,2001-Q4,39422.8
Spain,2002-Q1,39390.6
Spain,2002-Q2,39530.1
Spain,2002-Q3,39562.9
Spain,2002-Q4,39661.5
Spain,2003-Q1,39866.9
Spain,2003-Q2,39838.4
Spain,2003-Q3,39970.9
Spain,2003-Q4,40136.3
Spain,2004-Q1,40247.4
Spain,2004-Q2,40530.3
Spain,2004-Q3,40701.3
Spain,2004-Q4,40760.1
Spain,2005-Q1,40925.2
Spain,2005-Q2,41093
Spain,2005-Q3,41328.7
New Zealand,2004-Q3,37870.5
Netherlands,1999-Q1,51424.3
Netherlands,1999-Q2,51874.1
Netherlands,1999-Q3,52477.8
Netherlands,1999-Q4,53007.6
Netherlands,2000-Q1,53433.8
Netherlands,2000-Q2,53896.1
Netherlands,2000-Q3,54235.1
Netherlands,2000-Q4,54683.4
Netherlands,2001-Q1,54854
Netherlands,2001-Q2,54957.2
Netherlands,2001-Q3,54953
Netherlands,2001-Q4,54879.9
Netherlands,2002-Q1,54704
Netherlands,2002-Q2,54734.1
Netherlands,2002-Q3,54696.6
New Zealand,2001-Q2,34937.7
New Zealand,2001-Q3,34849.6
New Zealand,2001-Q4,35063.6
Netherlands,2003-Q4,54639.9
Netherlands,2004-Q1,55100.3
Netherlands,2004-Q2,55328.3
Netherlands,2004-Q3,55358.9
Netherlands,2004-Q4,55430.7
Netherlands,2005-Q1,55549.4
Netherlands,2005-Q2,56045
Netherlands,2005-Q3,56691
Netherlands,2005-Q4,57035.7
New Zealand,2012-Q2,40682.8
Norway,2005-Q3,65692.3
Norway,2005-Q4,65660.1
Norway,2006-Q1,66381.9
Norway,2006-Q2,66292.5
Norway,2006-Q3,66572.6
Norway,2006-Q4,67200.4
Norway,2007-Q1,67785.2
Norway,2007-Q2,67611.3
Norway,2007-Q3,67952.2
Norway,2007-Q4,68198.3
Norway,2008-Q1,67650.6
Norway,2008-Q2,67444.8
Norway,2008-Q3,67125.8
Norway,2008-Q4,67050.5
Norway,2009-Q1,65768.4
Norway,2009-Q2,65216.5
Norway,2012-Q4,65291.5
Norway,2013-Q1,65408.3
Norway,2015-Q3,66980.4
Switzerland,2011-Q1,71858.7
Switzerland,2011-Q2,72253.9
Switzerland,2011-Q3,71674.6
Switzerland,2011-Q4,71532.4
Switzerland,2012-Q1,71776.4
Switzerland,2012-Q2,71761.3
Switzerland,2012-Q3,72170.8
Switzerland,2012-Q4,71884.2
Switzerland,2013-Q1,72092.2
Switzerland,2013-Q2,72376.5
Switzerland,2013-Q3,72629.6
Spain,2010-Q2,40461.7
Spain,2010-Q3,40396.2
Spain,2010-Q4,40382.6
Spain,2011-Q1,40325
Switzerland,1997-Q3,60386.1
Switzerland,1997-Q4,60580.4
Switzerland,1998-Q1,61041.3
Switzerland,1998-Q2,61704.4
Switzerland,1998-Q3,61532.6
Switzerland,1998-Q4,61051.8
Switzerland,1999-Q1,61288.1
Switzerland,1999-Q2,61549.8
Switzerland,1999-Q3,61942.6
Switzerland,1999-Q4,63302.4
Switzerland,2000-Q1,63525.9
Switzerland,2000-Q2,63629.1
Switzerland,2000-Q3,64071.4
Switzerland,2000-Q4,64789.4
Switzerland,2001-Q1,64683.4
Switzerland,2005-Q1,65571.4
Norway,1996-Q1,54096.1
Netherlands,1998-Q1,49609.1
Netherlands,1998-Q2,49899.3
Netherlands,1998-Q3,50242.2
Netherlands,1998-Q4,50538.4
New Zealand,2007-Q1,39389.6
New Zealand,2007-Q2,39857.6
New Zealand,2007-Q3,40198.6
New Zealand,2007-Q4,40313.6
New Zealand,2008-Q1,39993.3
New Zealand,2008-Q2,39377.1
New Zealand,2008-Q3,39347
New Zealand,2008-Q4,39249
New Zealand,2009-Q1,38833.1
Netherlands,2007-Q2,59996.7
Netherlands,2007-Q3,60606.2
Netherlands,2007-Q4,61427.5
Netherlands,2008-Q1,61808.9
Netherlands,2008-Q2,61796.9
Netherlands,2008-Q3,61541.2
Netherlands,2008-Q4,60771.6
Netherlands,2009-Q1,59322.3
Netherlands,2009-Q2,58707.7
Netherlands,2009-Q3,58676.8
Netherlands,2009-Q4,58965.5
Netherlands,2010-Q1,58907.1
Netherlands,2010-Q2,59390.7
Netherlands,2010-Q3,59353.9
Netherlands,2010-Q4,59780.4
Netherlands,2011-Q1,60384.4
Netherlands,2011-Q2,60294.6
Spain,2007-Q2,42846.7
Spain,2007-Q3,42953
Spain,2007-Q4,42982.9
Spain,2008-Q1,42907.4
Spain,2008-Q2,42772.6
Spain,2008-Q3,42543.2
Spain,2009-Q2,40551.1
Spain,2009-Q3,40575
Spain,2009-Q4,40505.9
Norway,2010-Q3,63861.8
Norway,2010-Q4,64797.9
Norway,2011-Q1,64874.6
Norway,2011-Q2,64492.4
Norway,2011-Q3,64924.8
Norway,2011-Q4,64737.8
Norway,2012-Q1,66133.2
Norway,2012-Q2,66022.3
Norway,2012-Q3,65170
Spain,2019-Q2,44396.8
Spain,2019-Q3,44382.9
United Kingdom,1999-Q1,42158.9
United Kingdom,1999-Q2,42275.1
Switzerland,1995-Q1,58645.5
Switzerland,1995-Q2,58766
United Kingdom,2004-Q4,48248.3
United Kingdom,2005-Q1,48527
United Kingdom,2005-Q2,48837.6
United Kingdom,2005-Q3,49202.5
Switzerland,2001-Q2,64878
Switzerland,2001-Q3,64745.3
Switzerland,2001-Q4,64587
Switzerland,2002-Q1,64518.9
United States,2020-Q2,60596.8
United States,2020-Q3,65266.5
United States,2020-Q4,65971.9
United States,2021-Q1,66903.8
Euro area (20 countries),2002-Q4,45759.9
Euro area (20 countries),2003-Q1,45596.4
Euro area (20 countries),2003-Q2,45556.7
Euro area (20 countries),2003-Q3,45784.2
Euro area (20 countries),2003-Q4,46006.1
Euro area (20 countries),2004-Q1,46211.8
Euro area (20 countries),2004-Q2,46441.6
Euro area (20 countries),2004-Q3,46474.9
Euro area (20 countries),2004-Q4,46600.1
Euro area (20 countries),2005-Q1,46683.8
Euro area (20 countries),2005-Q2,46912.4
Euro area (20 countries),2005-Q3,47197.8
Spain,2005-Q4,41561.4
New Zealand,2004-Q4,37783.7
New Zealand,2005-Q1,37743.7
New Zealand,2005-Q2,38608.2
New Zealand,2005-Q3,38611
New Zealand,2005-Q4,38477.8
New Zealand,2006-Q1,38686.1
New Zealand,2006-Q2,38413.2
New Zealand,2006-Q3,39025.2
New Zealand,2006-Q4,39208.2
New Zealand,2011-Q3,40174.9
New Zealand,2011-Q4,40435.7
New Zealand,2012-Q1,40454.9
New Zealand,2011-Q2,39791.8
New Zealand,2013-Q1,41383.8
New Zealand,2013-Q3,41397.8
New Zealand,2014-Q1,41724.2
New Zealand,2014-Q2,41735.8
New Zealand,2014-Q3,42088.3
Spain,2008-Q4,41755.7
Spain,2009-Q1,40580.4
Norway,2002-Q3,61655.5
Norway,2002-Q4,62009
Norway,2003-Q1,62141.7
Norway,2003-Q2,61856
Norway,2003-Q3,62319.4
Norway,2003-Q4,62250.6
Norway,2004-Q1,64503.9
Norway,2004-Q2,64505.1
Norway,2004-Q3,63912.6
Norway,2004-Q4,64190.7
Norway,2005-Q1,65363.5
Norway,2005-Q2,65484.5
Spain,2015-Q4,41334.5
Spain,2016-Q1,41628
Spain,2016-Q2,41762.4
Spain,2016-Q3,42071.4
Spain,2016-Q4,42262.8
Spain,2017-Q1,42561.1
Spain,2017-Q2,43007.2
Spain,2017-Q3,43249.9
Spain,2017-Q4,43454.4
Spain,2018-Q1,43592.1
Spain,2018-Q2,43841
Spain,2018-Q3,44017.7
Spain,2018-Q4,44174.2
Spain,2019-Q1,44352.7
Spain,2021-Q4,43096.8
Spain,1998-Q2,34583.4
Switzerland,2009-Q4,70165
Switzerland,2010-Q1,70891.8
Switzerland,2010-Q2,71319.1
Switzerland,2010-Q3,71553.5
Switzerland,2010-Q4,71906.1
Switzerland,2005-Q4,67438.3
Switzerland,2006-Q1,68154.5
Switzerland,2006-Q2,68644.3
Switzerland,2006-Q3,69018.1
Switzerland,2006-Q4,69827.4
Switzerland,2007-Q1,70181.2
Switzerland,2007-Q2,70995.5
Switzerland,2007-Q3,71388.6
Switzerland,2007-Q4,71587.8
Switzerland,2022-Q2,80476.2
Switzerland,2022-Q3,80737.7
Switzerland,2022-Q4,80626.5
Switzerland,2023-Q1,80342.6
Switzerland,2023-Q2,79736.8
Switzerland,2023-Q3,79820.3
Switzerland,2023-Q4,79789.9
Switzerland,2024-Q1,79624.3
Switzerland,2024-Q2,80245.1
Switzerland,2024-Q3,80338
Switzerland,2024-Q4,80266.4
Switzerland,2025-Q1,80712.2
Switzerland,2025-Q2,80697.7
Switzerland,1995-Q3,59006.4
Switzerland,1995-Q4,58807.1
Switzerland,1996-Q1,59190.5
Switzerland,1996-Q2,58787.7
United States,2007-Q3,58632.8
United States,2007-Q4,58851.7
United States,2008-Q1,58472.1
United Kingdom,2014-Q2,50410.3
United Kingdom,2014-Q3,50728.8
United Kingdom,2014-Q4,50971.5
United Kingdom,2015-Q1,51034.2
United Kingdom,2015-Q2,51175
United Kingdom,2015-Q3,51271.1
United Kingdom,2015-Q4,51475.7
United Kingdom,2016-Q1,51632.9
United Kingdom,2013-Q2,49211.1
United Kingdom,2022-Q4,54746.3
United Kingdom,2023-Q1,54599.1
Switzerland,2005-Q2,66309.3
Norway,1996-Q2,53974.1
Norway,1996-Q3,55058.5
Norway,1996-Q4,54407.9
Norway,1997-Q1,56310.4
Norway,1997-Q2,57118.6
Norway,1997-Q3,56962.2
Norway,1997-Q4,57392.6
Norway,1998-Q1,58241.5
Norway,1998-Q2,58576.1
Norway,1998-Q3,57775.6
Norway,1998-Q4,57849.1
Norway,1999-Q1,58534.5
Norway,1999-Q2,58459.7
Norway,1999-Q3,59074.9
Norway,1999-Q4,59614.5
Norway,2000-Q1,60834
Norway,2000-Q2,60169.9
Spain,2006-Q4,42508.9
Spain,2007-Q1,42679.8
United States,2023-Q1,70372.1
United States,2023-Q2,70673.6
United States,2023-Q3,71316.3
United States,2023-Q4,71735.4
United States,2024-Q1,71725.1
United States,2024-Q2,72187.8
United Kingdom,1995-Q1,37532.3
United Kingdom,1995-Q2,37586.8
United Kingdom,1995-Q3,37986.7
United Kingdom,1995-Q4,38088.3
United Kingdom,1996-Q1,38334.2
United Kingdom,1996-Q2,38433
United Kingdom,1996-Q3,38751.1
United Kingdom,1996-Q4,39248.4
United Kingdom,1997-Q1,39851.9
United Kingdom,1997-Q2,40270.1
United Kingdom,1997-Q3,40604
United Kingdom,1997-Q4,41172
United Kingdom,1998-Q1,41437.4
United Kingdom,1998-Q2,41647.6
United Kingdom,1998-Q3,41676.5
United Kingdom,1998-Q4,41909.5
Switzerland,2015-Q3,73408.8
Switzerland,2015-Q4,73747.1
Switzerland,2016-Q1,73992.3
Switzerland,2016-Q2,74143.8
Switzerland,2016-Q3,74225.5
Switzerland,2016-Q4,73781.5
Switzerland,2002-Q2,64733.9
Switzerland,2002-Q3,64654.1
Switzerland,2002-Q4,64105.6
Switzerland,2003-Q1,63602.1
Switzerland,2003-Q2,63405.6
Switzerland,2003-Q3,63855.1
Switzerland,2003-Q4,64407.1
Spain,1995-Q1,31479.9
Spain,1995-Q2,31654.9
Spain,1995-Q3,31755.2
Spain,1995-Q4,31955.1
Spain,1996-Q1,32115.5
Spain,1996-Q2,32306.6
Spain,1996-Q3,32533.6
Spain,1996-Q4,32656.9
Spain,1997-Q1,32959.8
Spain,1997-Q2,33221.8
Spain,1997-Q3,33547.3
Spain,1997-Q4,33976.9
Spain,1998-Q1,34238.1
United States,2011-Q4,57926.3
United States,2012-Q1,58308.7
United States,2012-Q2,58464.6
United States,2012-Q3,58426.7
United States,2012-Q4,58372.9
United States,2013-Q1,58853.6
United States,2013-Q2,58911
United States,2013-Q3,59288.5
United States,2013-Q4,59678.2
United States,2014-Q1,59365.3
United States,2014-Q2,60022.4
Euro area (20 countries),2005-Q4,47458.6
Spain,2006-Q1,41908
Spain,2006-Q2,42123.9
Spain,2006-Q3,42336.4
Spain,2011-Q2,40189.4
Spain,2011-Q3,39904.5
Spain,2011-Q4,39635.4
Spain,2012-Q1,39282.3
Spain,2012-Q2,38927.2
Spain,2012-Q3,38764.5
Spain,2012-Q4,38449.5
Spain,2013-Q1,38392.5
Spain,2013-Q2,38409.1
Spain,2013-Q3,38431.4
Spain,2013-Q4,38526
Spain,2014-Q1,38715.7
Spain,2014-Q2,38942.3
Spain,2014-Q3,39263.5
Spain,2014-Q4,39673.7
Spain,2015-Q1,40161.4
Spain,2015-Q2,40628.5
Spain,2015-Q3,40999.9
United Kingdom,2000-Q1,44142.4
United Kingdom,2000-Q2,44422.7
United Kingdom,2000-Q3,44650
United Kingdom,2000-Q4,44871.7
United Kingdom,2001-Q1,45201.8
United Kingdom,2001-Q2,45343.7
United Kingdom,2001-Q3,45508.9
United Kingdom,2001-Q4,45582.8
United Kingdom,2002-Q1,45671.9
United Kingdom,2002-Q2,45863.8
United Kingdom,2002-Q3,46080.9
United Kingdom,2002-Q4,46332
United Kingdom,2003-Q1,46669.8
United Kingdom,2003-Q2,47049.2
United Kingdom,2003-Q3,47477.8
United Kingdom,2003-Q4,47786.6
United Kingdom,2004-Q1,47875.7
United Kingdom,2004-Q2,48043.2
United Kingdom,2004-Q3,48121.9
United Kingdom,2009-Q4,47704.8
United Kingdom,2010-Q1,48009.3
United Kingdom,2010-Q2,48461
United Kingdom,2010-Q3,48644.4
Euro area (20 countries),2023-Q4,54619.3
Euro area (20 countries),2024-Q1,54725.6
Euro area (20 countries),2024-Q2,54805.8
Switzerland,2008-Q1,71848.4
Switzerland,2008-Q2,72430.3
Switzerland,2008-Q3,72608.2
Switzerland,2008-Q4,70748.8
Switzerland,2009-Q1,69392.2
Switzerland,2009-Q2,69404.4
Switzerland,2009-Q3,69886.3
Switzerland,2018-Q1,76067.9
Switzerland,2018-Q2,76744.2
Euro area (20 countries),2025-Q1,55446.9
Euro area (20 countries),2025-Q2,55486.3
Euro area (20 countries),2013-Q1,47818.2
Euro area (20 countries),2013-Q2,48123.7
Euro area (20 countries),2013-Q3,48249.7
United States,2008-Q3,58241.1
United States,2008-Q4,56833.1
United States,2009-Q1,56074.2
United States,2009-Q2,55859.3
United States,2009-Q3,55926.6
United States,2009-Q4,56400.6
United States,2010-Q1,56560.8
United States,2010-Q2,56999.8
United States,2010-Q3,57317
Euro area (20 countries),1995-Q4,39374
Euro area (20 countries),1996-Q1,39440.4
Euro area (20 countries),1996-Q2,39728.9
Euro area (20 countries),1996-Q3,39885.8
Euro area (20 countries),1996-Q4,40076.5
European Union (27 countries from 01/02/2020),2011-Q2,45484.6
European Union (27 countries from 01/02/2020),2011-Q3,45492.1
European Union (27 countries from 01/02/2020),2011-Q4,45301.5
United Kingdom,2023-Q2,54444.7
Switzerland,2005-Q3,66878.4
Switzerland,2018-Q3,76294.2
Switzerland,2018-Q4,76366.6
Switzerland,2019-Q1,76355.4
Switzerland,2019-Q2,76713.9
Switzerland,2019-Q3,76804.1
Switzerland,2019-Q4,76766.8
Switzerland,2020-Q1,75794
Switzerland,2020-Q2,70853.1
Switzerland,2020-Q3,74983.6
Switzerland,2020-Q4,75517.6
Switzerland,2021-Q1,75967.8
Switzerland,2021-Q2,77935.7
Switzerland,2021-Q3,79440
Switzerland,2021-Q4,79819.9
Switzerland,2022-Q1,79866.4
United States,2021-Q2,68009.5
United States,2021-Q3,68484.6
United States,2021-Q4,69559.5
United States,2022-Q1,69306.7
United States,2022-Q2,69310.7
United States,2022-Q3,69670.4
United States,2022-Q4,69998.8
Euro area (20 countries),2008-Q1,50176.2
Euro area (20 countries),2008-Q2,49874.2
Euro area (20 countries),2008-Q3,49540.5
Euro area (20 countries),2008-Q4,48630.9
Euro area (20 countries),2009-Q1,47124.7
Euro area (20 countries),2009-Q2,47098.6
Euro area (20 countries),2009-Q3,47234
Euro area (20 countries),2009-Q4,47401.9
Euro area (20 countries),2010-Q1,47584.5
United States,1998-Q4,50104
United States,1999-Q1,50446.9
United States,1999-Q2,50729.2
Switzerland,2004-Q1,64714.6
Switzerland,2004-Q2,65079.1
Switzerland,2004-Q3,65018.2
Switzerland,2004-Q4,65152.8
United Kingdom,2013-Q3,49495.5
United Kingdom,2013-Q4,49729.1
Switzerland,2014-Q1,72837.4
Switzerland,2014-Q2,73268.1
Switzerland,2014-Q3,73481
Switzerland,2014-Q4,73508.1
Switzerland,2015-Q1,73301.2
Switzerland,2015-Q2,73114.1
Switzerland,2017-Q1,73727.5
Switzerland,2017-Q2,74161.5
Switzerland,2017-Q3,74616.5
Switzerland,2017-Q4,75190.1
United Kingdom,2009-Q1,47900.2
United Kingdom,2009-Q2,47677.2
United Kingdom,2009-Q3,47641.5
Euro area (20 countries),2017-Q2,51470.1
Euro area (20 countries),2017-Q3,51822.2
Euro area (20 countries),2017-Q4,52211.1
Euro area (20 countries),2018-Q1,52211.3
Euro area (20 countries),2018-Q2,52455.8
Euro area (20 countries),2018-Q3,52460.9
Euro area (20 countries),2018-Q4,52703.3
Euro area (20 countries),2019-Q1,53051.5
Euro area (20 countries),2019-Q2,53219.2
Euro area (20 countries),2019-Q3,53284.6
Euro area (20 countries),2019-Q4,53188.8
Euro area (20 countries),2020-Q1,51448.5
Euro area (20 countries),2020-Q2,45742.8
Euro area (20 countries),2020-Q3,51017.8
Euro area (20 countries),2020-Q4,51194
United States,2010-Q4,57494
United States,2011-Q1,57254.7
United States,2011-Q2,57537.8
United States,2011-Q3,57402.4
Italy,2011-Q2,48576.5
Italy,2011-Q1,48724
Italy,2010-Q4,48491.5
Italy,2010-Q3,48130.8
Italy,2010-Q2,48054.4
United States,2014-Q3,60620.7
Euro area (20 countries),2006-Q1,47881.5
Euro area (20 countries),2006-Q2,48355.6
Euro area (20 countries),2006-Q3,48554.2
Euro area (20 countries),2006-Q4,49051.2
United States,2024-Q3,72631.9
United States,2024-Q4,72853.2
United States,2025-Q1,72644.1
United States,2025-Q2,73236.1
United States,1995-Q1,44941
United States,1995-Q2,44947.4
United States,1995-Q3,45184.1
United States,1995-Q4,45351.6
United States,1996-Q1,45577.8
United States,1996-Q2,46206.5
United States,1996-Q3,46469.7
United States,1996-Q4,46802.7
United States,1997-Q1,46980.3
United States,1997-Q2,47626.2
United States,1997-Q3,48061.4
United States,1997-Q4,48320.7
United States,1998-Q1,48680.8
United States,1998-Q2,48997.2
United States,1998-Q3,49459.6
United Kingdom,1999-Q3,42945.3
United Kingdom,1999-Q4,43599.3
Euro area (20 countries),1997-Q3,40946.4
Euro area (20 countries),1997-Q4,41352.2
Euro area (20 countries),1998-Q1,41645.5
Euro area (20 countries),1998-Q2,41790.1
United Kingdom,2010-Q4,48567.8
United Kingdom,2011-Q1,48545.8
United Kingdom,2011-Q2,48422
United Kingdom,2011-Q3,48424.3
United Kingdom,2011-Q4,48383.5
United Kingdom,2012-Q1,48758.7
United Kingdom,2012-Q2,48651
United Kingdom,2012-Q3,49072.7
United Kingdom,2012-Q4,48919.8
United Kingdom,2013-Q1,48967.7
Euro area (20 countries),2021-Q1,51612.6
Euro area (20 countries),2021-Q2,52740.8
Euro area (20 countries),2021-Q3,53642.4
Euro area (20 countries),2021-Q4,54043.1
Euro area (20 countries),2022-Q1,54407.7
Euro area (20 countries),2022-Q2,54753.5
Euro area (20 countries),2022-Q3,54893.3
Euro area (20 countries),2022-Q4,54780.8
Euro area (20 countries),2024-Q3,54978.3
Euro area (20 countries),2024-Q4,55152.1
Euro area (20 countries),2016-Q4,50741.8
Euro area (20 countries),2017-Q1,51143.5
European Union (27 countries from 01/02/2020),2025-Q1,53223.2
European Union (27 countries from 01/02/2020),2025-Q2,53324.3
United States,2015-Q1,61236.8
United States,2015-Q2,61505.8
United States,2015-Q3,61621
United States,2015-Q4,61604.4
United States,2016-Q1,61850.6
United States,2016-Q2,61939
United States,2016-Q3,62251.5
United States,2016-Q4,62475.2
United States,2017-Q1,62683.9
United States,2017-Q2,62938.1
United States,2017-Q3,63320.8
United States,2017-Q4,63926.6
United States,2018-Q1,64368.2
United States,2018-Q2,64624.2
United States,2018-Q3,64925.6
United States,2018-Q4,64922.5
United States,2019-Q1,65259.3
United States,2019-Q2,65729.2
United States,2019-Q3,66400.9
United States,2019-Q4,66757
Euro area (20 countries),1995-Q1,38959
Euro area (20 countries),1995-Q2,39247.3
Euro area (20 countries),1995-Q3,39317.3
Italy,2019-Q3,48506.4
Italy,2019-Q2,48739.8
European Union (27 countries from 01/02/2020),2012-Q1,45238.8
United Kingdom,2023-Q3,54168.7
United Kingdom,2023-Q4,53851.1
United Kingdom,2024-Q1,54158.7
United Kingdom,2024-Q2,54359.7
United Kingdom,2024-Q3,54395.3
United Kingdom,2024-Q4,54456.3
United Kingdom,2025-Q1,54745.8
Euro area (20 countries),1998-Q4,42083
Euro area (20 countries),1999-Q1,42502.5
Euro area (20 countries),1999-Q2,42680.7
Euro area (20 countries),1999-Q3,43201.3
Euro area (20 countries),1999-Q4,43621.5
Euro area (20 countries),2000-Q1,44157.8
Euro area (20 countries),2000-Q2,44526.1
Euro area (20 countries),2000-Q3,44781.5
Euro area (20 countries),2000-Q4,44961.7
Euro area (20 countries),2001-Q1,45457.9
Euro area (20 countries),2001-Q2,45436.4
Euro area (20 countries),2001-Q3,45481.7
Euro area (20 countries),2001-Q4,45398.8
Euro area (20 countries),2002-Q1,45456.5
Euro area (20 countries),2002-Q2,45605.2
Euro area (20 countries),2002-Q3,45746
Euro area (20 countries),2007-Q1,49352.3
Euro area (20 countries),2007-Q2,49611
Euro area (20 countries),2007-Q3,49721.9
Euro area (20 countries),2007-Q4,49891.1
United States,1999-Q4,51923.4
United States,2000-Q1,51979.8
United States,2000-Q2,52795.5
United States,2000-Q3,52706
United States,2000-Q4,52880.6
United States,2001-Q1,52586.5
United States,2001-Q2,52790.6
United States,2001-Q3,52441.8
United States,2001-Q4,52452.4
United States,2002-Q1,52776
United States,2002-Q2,52981.4
United States,2002-Q3,53062.3
United States,2002-Q4,52998.4
United States,2003-Q1,53166.8
United States,2003-Q2,53518.7
United States,2003-Q3,54274
United Kingdom,2005-Q4,49632.7
United Kingdom,2006-Q1,49726.1
United Kingdom,2006-Q2,49773.6
United Kingdom,2006-Q3,49751.2
United Kingdom,2008-Q2,51048.2
United Kingdom,2008-Q3,50121.8
United Kingdom,2008-Q4,48975
Australia,2012-Q4,52379.6
European Union (27 countries from 01/02/2020),2010-Q1,44136.2
European Union (27 countries from 01/02/2020),2010-Q2,44566.7
European Union (27 countries from 01/02/2020),2010-Q3,44753.4
European Union (27 countries from 01/02/2020),2010-Q4,44993.6
European Union (27 countries from 01/02/2020),2011-Q1,45441.5
Poland,2018-Q3,36026.8
Poland,2018-Q2,35581.3
Poland,2018-Q1,35059
Poland,2017-Q4,34368.2
Poland,2017-Q3,33892.9
Poland,2017-Q2,33401.8
Poland,2017-Q1,33071.3
Italy,2022-Q2,51236.3
Italy,2022-Q1,50459.8
Italy,2021-Q4,50090.3
Italy,2021-Q3,49261.7
Italy,2021-Q2,48064.5
Italy,2021-Q1,46853.6
Italy,2020-Q4,45993
European Union (27 countries from 01/02/2020),2013-Q1,44697.3
European Union (27 countries from 01/02/2020),2013-Q2,44984.1
European Union (27 countries from 01/02/2020),2013-Q3,45139.3
European Union (27 countries from 01/02/2020),2023-Q3,52313.4
European Union (27 countries from 01/02/2020),2023-Q4,52301.2
European Union (27 countries from 01/02/2020),2024-Q1,52444.8
Poland,2006-Q1,21961.9
Poland,2005-Q4,21617.8
Poland,2005-Q3,21234.7
United States,2014-Q4,60795.8
United Kingdom,2016-Q2,51909.6
United Kingdom,2016-Q3,52067.4
United Kingdom,2016-Q4,52318
United Kingdom,2017-Q1,52745.7
United Kingdom,2017-Q2,53123.1
United Kingdom,2017-Q3,53417.1
United Kingdom,2017-Q4,53752.9
United Kingdom,2018-Q1,53729.3
United Kingdom,2018-Q2,53780.4
United Kingdom,2018-Q3,53881.8
United Kingdom,2018-Q4,53881.9
United Kingdom,2019-Q1,54084.2
United Kingdom,2019-Q2,54129.6
United Kingdom,2019-Q3,54404.8
United Kingdom,2019-Q4,54385.2
United Kingdom,2020-Q1,52869.3
United Kingdom,2020-Q2,42327.3
United Kingdom,2020-Q3,49463.6
United Kingdom,2020-Q4,50095.2
United Kingdom,2021-Q1,49511.7
United Kingdom,2021-Q2,52921.3
United Kingdom,2021-Q3,53689.6
United Kingdom,2021-Q4,54303.9
United Kingdom,2022-Q1,54728.2
United Kingdom,2022-Q2,54907.3
United Kingdom,2022-Q3,54782.9
Euro area (20 countries),1997-Q1,40199.2
Euro area (20 countries),1997-Q2,40658.4
United States,2006-Q2,57891
United States,2006-Q3,57828.2
United States,2006-Q4,58176.2
United States,2007-Q1,58222.5
United States,2007-Q2,58447.5
Euro area (20 countries),2015-Q4,49899.6
Euro area (20 countries),2016-Q1,50111.4
Euro area (20 countries),2016-Q2,50179.6
Euro area (20 countries),2016-Q3,50389.9
European Union (27 countries from 01/02/2020),1999-Q4,39270
European Union (27 countries from 01/02/2020),2000-Q1,39738.2
European Union (27 countries from 01/02/2020),2000-Q2,40118.1
European Union (27 countries from 01/02/2020),2000-Q3,40345.2
European Union (27 countries from 01/02/2020),2000-Q4,40540.1
European Union (27 countries from 01/02/2020),2001-Q1,40953.3
European Union (27 countries from 01/02/2020),2001-Q3,41029.5
European Union (27 countries from 01/02/2020),2001-Q4,40996.1
European Union (27 countries from 01/02/2020),2002-Q1,41122.8
Euro area (20 countries),2023-Q1,54678.1
Euro area (20 countries),2023-Q2,54743.9
Euro area (20 countries),2023-Q3,54661
European Union (27 countries from 01/02/2020),2004-Q3,42422.9
European Union (27 countries from 01/02/2020),2004-Q4,42586.9
European Union (27 countries from 01/02/2020),2005-Q1,42675.6
European Union (27 countries from 01/02/2020),2005-Q2,42928.6
European Union (27 countries from 01/02/2020),2005-Q3,43220.4
European Union (27 countries from 01/02/2020),2005-Q4,43497.5
European Union (27 countries from 01/02/2020),2006-Q1,43922.3
European Union (27 countries from 01/02/2020),2006-Q2,44419.2
European Union (27 countries from 01/02/2020),2006-Q3,44632.9
European Union (27 countries from 01/02/2020),2006-Q4,45060.8
European Union (27 countries from 01/02/2020),2007-Q1,45387.7
European Union (27 countries from 01/02/2020),2007-Q2,45652.6
European Union (27 countries from 01/02/2020),2007-Q3,45819.3
European Union (27 countries from 01/02/2020),2007-Q4,46073.7
European Union (27 countries from 01/02/2020),2008-Q1,46325.7
European Union (27 countries from 01/02/2020),2008-Q2,46108.2
European Union (27 countries from 01/02/2020),2008-Q3,45840.4
European Union (27 countries from 01/02/2020),2008-Q4,45015.3
European Union (27 countries from 01/02/2020),2009-Q1,43678.2
European Union (27 countries from 01/02/2020),2009-Q2,43654.4
European Union (27 countries from 01/02/2020),2009-Q3,43800.1
European Union (27 countries from 01/02/2020),2009-Q4,43973
Poland,2016-Q1,31421.4
Poland,2015-Q4,31463.4
Poland,2015-Q3,31192.7
Poland,2015-Q2,30782.6
Poland,2015-Q1,30598.3
Poland,2014-Q4,30095.1
Poland,2014-Q3,29840.6
Poland,2014-Q2,29602.9
Poland,2014-Q1,29266.5
Poland,2013-Q4,28869.4
Italy,2020-Q3,45828.1
Italy,2025-Q2,52208.2
Italy,2025-Q1,52231.5
Italy,2024-Q4,52037.4
Italy,2024-Q3,51973.6
Italy,2024-Q2,51920.7
Italy,2024-Q1,51826.4
Italy,2023-Q4,51745.1
Italy,2023-Q3,51663.1
Italy,2023-Q2,51599.3
Italy,2023-Q1,51627.1
Italy,2022-Q4,51256.2
Italy,2022-Q3,51385.3
Euro area (20 countries),2014-Q1,48549.2
Euro area (20 countries),2014-Q2,48643.6
Euro area (20 countries),2014-Q3,48850.1
Euro area (20 countries),2014-Q4,49002.3
Euro area (20 countries),2015-Q1,49340.7
Euro area (20 countries),2015-Q2,49522.7
Euro area (20 countries),2015-Q3,49698.6
European Union (27 countries from 01/02/2020),2024-Q2,52571.1
European Union (27 countries from 01/02/2020),2024-Q3,52746.4
European Union (27 countries from 01/02/2020),2024-Q4,52969.1
Italy,2012-Q4,46125.3
Italy,2012-Q3,46515.1
Italy,2012-Q2,46859.4
Italy,2012-Q1,47287.5
United States,1999-Q3,51238.8
European Union (27 countries from 01/02/2020),2014-Q3,45822.6
European Union (27 countries from 01/02/2020),2014-Q4,45982.7
European Union (27 countries from 01/02/2020),2015-Q1,46343.3
European Union (27 countries from 01/02/2020),2015-Q2,46570.2
European Union (27 countries from 01/02/2020),2015-Q3,46752.6
European Union (27 countries from 01/02/2020),2015-Q4,46970.9
European Union (27 countries from 01/02/2020),2016-Q1,47166.2
European Union (27 countries from 01/02/2020),2016-Q2,47286.1
European Union (27 countries from 01/02/2020),2016-Q3,47495.7
European Union (27 countries from 01/02/2020),2016-Q4,47850
European Union (27 countries from 01/02/2020),2017-Q1,48266.6
European Union (27 countries from 01/02/2020),2017-Q2,48612.9
European Union (27 countries from 01/02/2020),2017-Q3,48952.6
European Union (27 countries from 01/02/2020),2017-Q4,49331.3
European Union (27 countries from 01/02/2020),2018-Q1,49411.3
European Union (27 countries from 01/02/2020),2018-Q2,49675.7
United Kingdom,2006-Q4,49827.6
United Kingdom,2007-Q1,50273.3
United Kingdom,2007-Q2,50644.2
United Kingdom,2007-Q3,51016.7
United Kingdom,2007-Q4,51342.6
United Kingdom,2008-Q1,51428.5
European Union (27 countries from 01/02/2020),2021-Q3,51338.6
European Union (27 countries from 01/02/2020),2021-Q4,51822.4
European Union (27 countries from 01/02/2020),2022-Q1,52046.2
European Union (27 countries from 01/02/2020),2022-Q2,52331.8
European Union (27 countries from 01/02/2020),2022-Q3,52458.3
European Union (27 countries from 01/02/2020),2022-Q4,52304.7
European Union (27 countries from 01/02/2020),2023-Q1,52296
European Union (27 countries from 01/02/2020),2023-Q2,52324
Poland,2002-Q3,18888.7
Poland,2002-Q2,18709.9
Poland,2002-Q1,18583.7
Poland,2001-Q4,18464.7
Italy,2008-Q4,49058.6
Italy,2008-Q3,50346.5
Italy,2008-Q2,51206.3
Italy,2008-Q1,51778.4
Italy,2007-Q4,51317.2
Italy,2007-Q3,51532.9
Italy,2007-Q2,51651
Italy,2007-Q1,51632.7
Italy,2006-Q4,51760
Portugal,2003-Q3,34310.8
Portugal,2003-Q2,34037.9
Portugal,2003-Q1,34351.8
Portugal,2002-Q4,34332.7
European Union (27 countries from 01/02/2020),2001-Q2,40951.5
European Union (27 countries from 01/02/2020),1995-Q1,34868.5
European Union (27 countries from 01/02/2020),1995-Q2,35122.7
European Union (27 countries from 01/02/2020),1995-Q3,35203.9
European Union (27 countries from 01/02/2020),1995-Q4,35277.1
Italy,2009-Q4,47653.7
Italy,2009-Q3,47580.3
Italy,2009-Q2,47475.3
Italy,2009-Q1,47785
Euro area (20 countries),1998-Q3,41984.6
European Union (27 countries from 01/02/2020),2012-Q2,45089.7
European Union (27 countries from 01/02/2020),2012-Q3,45021.8
European Union (27 countries from 01/02/2020),2012-Q4,44813.2
Euro area (20 countries),2010-Q2,48001.2
Euro area (20 countries),2010-Q3,48176.8
Euro area (20 countries),2010-Q4,48417.3
Euro area (20 countries),2011-Q1,48867.2
Euro area (20 countries),2011-Q2,48837.2
Euro area (20 countries),2011-Q3,48805.8
Euro area (20 countries),2011-Q4,48614.7
Euro area (20 countries),2012-Q1,48487.5
Euro area (20 countries),2012-Q2,48301.6
Euro area (20 countries),2012-Q3,48217.1
Euro area (20 countries),2012-Q4,47984.4
United States,2003-Q4,54773.1
United States,2004-Q1,54976.4
United States,2004-Q2,55281.8
United States,2004-Q3,55667.8
United States,2004-Q4,56096.1
United States,2005-Q1,56598.6
United States,2005-Q2,56756
United States,2005-Q3,57055.7
United States,2005-Q4,57228.6
United States,2006-Q1,57871.9
Italy,2017-Q1,47507.1
Italy,2016-Q4,47257.2
Italy,2016-Q3,47070.1
Italy,2016-Q2,46732.1
Italy,2016-Q1,46562.7
Italy,2015-Q4,46444.8
Portugal,2015-Q3,34872.6
Portugal,2015-Q2,34794.8
Portugal,2015-Q1,34739
Portugal,2014-Q4,34501.8
Portugal,2014-Q3,34186.1
Portugal,2014-Q2,34109.1
Portugal,2014-Q1,33976.5
Portugal,2013-Q4,34180.3
European Union (27 countries from 01/02/2020),2002-Q2,41294.2
European Union (27 countries from 01/02/2020),2002-Q3,41438.8
European Union (27 countries from 01/02/2020),2002-Q4,41496.6
European Union (27 countries from 01/02/2020),2003-Q1,41386.9
European Union (27 countries from 01/02/2020),2003-Q2,41389.2
European Union (27 countries from 01/02/2020),2003-Q3,41621.2
European Union (27 countries from 01/02/2020),2003-Q4,41857.8
European Union (27 countries from 01/02/2020),2004-Q1,42104.2
European Union (27 countries from 01/02/2020),2004-Q2,42347.2
Portugal,2009-Q4,35386.6
Portugal,2009-Q3,35372.6
Portugal,2009-Q2,35085.9
Portugal,2009-Q1,35057
Portugal,2008-Q4,35971.4
Portugal,2008-Q3,36430.9
Portugal,2008-Q2,36492.3
Portugal,2008-Q1,36687.5
Portugal,2007-Q4,36707.6
Portugal,2007-Q3,36288.7
Portugal,2007-Q2,36205.5
Portugal,2007-Q1,36125.7
Portugal,2006-Q4,35720.8
Portugal,2006-Q3,35506.9
Portugal,2006-Q2,35563.9
Portugal,2006-Q1,35260.9
Portugal,2005-Q4,34979.7
Portugal,2005-Q3,34943.4
Portugal,2005-Q2,35096.5
Portugal,2005-Q1,35014.1
Portugal,2004-Q4,34707
Portugal,2004-Q3,34896.5
Portugal,2004-Q2,34899.4
Italy,1998-Q1,46308.1
Italy,1997-Q4,46528.2
Italy,1997-Q3,45852.7
Italy,1997-Q2,45666.6
Italy,1997-Q1,44945.2
Italy,2020-Q2,40098.1
Italy,2020-Q1,45711.9
Italy,2019-Q4,48402.1
Italy,2011-Q4,47817.7
Italy,2011-Q3,48322.3
European Union (27 countries from 01/02/2020),2013-Q4,45250.1
Euro area (20 countries),2013-Q4,48329.6
United States,2008-Q2,58691.5
United Kingdom,2014-Q1,50034.2
Switzerland,2013-Q4,72416.9
Spain,2010-Q1,40444.7
Norway,2010-Q2,65128.2
New Zealand,2002-Q1,35289.8
Netherlands,2003-Q3,54364.2
Latvia,2013-Q4,27566.9
Japan,2009-Q4,39469.1
Hungary,2010-Q4,27528.7
Greece,2010-Q1,38282.7
Germany,2008-Q2,55166.9
France,2013-Q4,50728.8
Finland,2013-Q4,51098.5
Estonia,2013-Q4,34167.8
Denmark,2009-Q2,56414
Chile,2003-Q4,18517.4
Canada,2010-Q2,47136.5
Austria,2013-Q4,59050.2
Portugal,2004-Q1,34702.5
Portugal,2003-Q4,34385.8
European Union (27 countries from 01/02/2020),2014-Q1,45465.9
European Union (27 countries from 01/02/2020),2014-Q2,45587.5
Portugal,1997-Q2,30658.3
Portugal,1997-Q1,30420.5
Portugal,1996-Q4,29949.6
Portugal,1996-Q3,29915.8
Portugal,1996-Q2,29548
Portugal,1996-Q1,29180.4
Portugal,1995-Q4,29022.3
Portugal,1995-Q3,28844.2
Portugal,1995-Q2,28727.6
Portugal,1995-Q1,28417.1
Portugal,2023-Q4,40908.8
Portugal,2023-Q3,40715.1
European Union (27 countries from 01/02/2020),2018-Q3,49741
European Union (27 countries from 01/02/2020),2018-Q4,49997.1
European Union (27 countries from 01/02/2020),2019-Q1,50352.2
European Union (27 countries from 01/02/2020),2019-Q2,50569.3
European Union (27 countries from 01/02/2020),2019-Q3,50652.5
European Union (27 countries from 01/02/2020),2019-Q4,50648.5
European Union (27 countries from 01/02/2020),2020-Q1,49266.7
European Union (27 countries from 01/02/2020),2020-Q2,43991
European Union (27 countries from 01/02/2020),2020-Q3,48728.3
European Union (27 countries from 01/02/2020),2020-Q4,48966.1
European Union (27 countries from 01/02/2020),2021-Q1,49439.7
European Union (27 countries from 01/02/2020),2021-Q2,50510.2
Poland,2012-Q1,28418
Poland,2011-Q4,28353.5
Poland,2011-Q3,28097.8
Poland,2011-Q2,27780.1
Poland,2011-Q1,27429.1
Poland,2010-Q4,26941.8
Poland,2010-Q3,26727.2
Poland,2010-Q2,26425.9
Poland,2009-Q4,26006.6
Poland,2009-Q3,25605.1
Poland,2009-Q2,25424.2
Poland,2009-Q1,25371.8
Poland,2008-Q4,25076.6
Poland,2008-Q3,25039.2
Poland,2008-Q2,25056.8
Poland,2008-Q1,24920.1
Poland,2007-Q4,24526.8
Poland,2005-Q2,20861.1
Poland,2005-Q1,20761.1
Poland,2004-Q4,20640.2
Poland,2004-Q3,20438.9
Poland,2004-Q2,20450.8
Poland,2004-Q1,20279
Poland,2001-Q3,18475.1
Poland,2001-Q2,18385.6
European Union (27 countries from 01/02/2020),1996-Q1,35388.5
European Union (27 countries from 01/02/2020),1996-Q2,35649
European Union (27 countries from 01/02/2020),1996-Q3,35788.4
European Union (27 countries from 01/02/2020),1996-Q4,35944.6
European Union (27 countries from 01/02/2020),1997-Q1,36096.9
Italy,2010-Q1,47782.8
European Union (27 countries from 01/02/2020),1999-Q1,38224.8
European Union (27 countries from 01/02/2020),1999-Q2,38403.2
European Union (27 countries from 01/02/2020),1999-Q3,38875.4
Portugal,2019-Q1,38686.5
Portugal,2018-Q4,38386.7
Portugal,2018-Q3,38159.3
Portugal,2018-Q2,37903.1
Portugal,2018-Q1,37534.1
Portugal,2017-Q4,37307.1
Portugal,2017-Q3,36959.3
Portugal,2017-Q2,36702.5
Portugal,2017-Q1,36586.4
Portugal,2016-Q4,36218.9
Portugal,2016-Q3,35792.9
Portugal,2016-Q2,35381.8
Portugal,2016-Q1,35202.3
Poland,2012-Q4,28334.8
Poland,2012-Q3,28365.9
Poland,2012-Q2,28356.8
Italy,2018-Q4,48355.3
Italy,2018-Q3,48205
Italy,2018-Q2,48228.7
Italy,2018-Q1,48070.9
Italy,2017-Q4,48112.2
Italy,2017-Q3,47800
Italy,2017-Q2,47736.2
Italy,2005-Q2,50374.7
Italy,2005-Q1,50018.9
Italy,2004-Q4,50167.6
Italy,2004-Q3,50149.6
Italy,2004-Q2,50194.2
Italy,2004-Q1,50135.2
Italy,2003-Q4,50051.4
Italy,2003-Q3,49657
Italy,2003-Q2,49863
Italy,2003-Q1,50071.2
Portugal,2013-Q3,33707.5
Portugal,2013-Q2,33752.2
Portugal,2013-Q1,33422.6
Portugal,2012-Q4,33255.8
Portugal,2012-Q3,33769.9
Portugal,2012-Q2,34080.1
Portugal,2012-Q1,34550.9
Portugal,2011-Q4,34697.3
Portugal,2011-Q3,35142
Portugal,2011-Q2,35363.5
Portugal,2011-Q1,35606.9
Portugal,2010-Q4,35790
Portugal,2010-Q3,35958.1
Portugal,2010-Q2,35830.4
Portugal,2010-Q1,35706.3
Belgium,2020-Q2,51674.1
Belgium,2020-Q1,58011.6
Belgium,2019-Q4,59636.6
Belgium,2019-Q3,59397.8
Belgium,2019-Q2,59007.2
Belgium,2019-Q1,58755.4
Belgium,2018-Q4,58592.2
Belgium,2018-Q2,57951
Belgium,2018-Q1,57728.8
Belgium,2017-Q4,57561.8
Belgium,2017-Q3,57161.4
Belgium,2017-Q2,57249.6
Belgium,2017-Q1,57189.1
Belgium,2016-Q4,56886.8
Belgium,2016-Q3,56723.6
Belgium,2016-Q2,56682.1
Belgium,2016-Q1,56410.7
Belgium,2015-Q4,56415.9
Belgium,2015-Q3,56304.4
Belgium,2015-Q2,56310.4
Belgium,2015-Q1,56136
Belgium,2014-Q4,56067.5
Belgium,2014-Q3,55922.8
Belgium,2014-Q2,55624.9
Belgium,2014-Q1,55569.5
Belgium,2013-Q4,55304.9
Belgium,2013-Q3,55201.4
Belgium,2013-Q2,55052.6
Italy,1996-Q4,44822.6
Italy,1996-Q3,44975.8
Italy,1996-Q2,44902.6
Italy,1996-Q1,44843.6
Poland,2016-Q3,32069.9
Italy,2019-Q1,48498.4
Portugal,2015-Q4,35046.3
Portugal,2002-Q3,34624
Portugal,2002-Q2,34849.9
Portugal,2002-Q1,35089.4
Portugal,2001-Q4,35057.8
Portugal,2001-Q3,34623.1
Portugal,2001-Q2,34607.9
Portugal,2001-Q1,34298.3
Portugal,2000-Q4,34489.5
Portugal,2000-Q3,34358.5
Portugal,2000-Q2,33884.6
Portugal,2000-Q1,34174.7
Portugal,1999-Q4,33473.8
Portugal,1999-Q3,33333.9
Portugal,1999-Q2,33063.5
Portugal,1999-Q1,32933.6
Portugal,1998-Q4,32570.1
Portugal,1998-Q3,32350.8
Portugal,1998-Q2,32013.1
Portugal,1998-Q1,31601.9
Portugal,1997-Q4,31162.2
Portugal,1997-Q3,31020.1
Poland,2021-Q2,39780.7
Poland,2021-Q1,38741.9
Poland,2020-Q4,37781.4
Poland,2020-Q3,37680.6
Poland,2020-Q2,35351.3
Poland,2019-Q4,37814.2
Poland,2019-Q3,37551.2
Poland,2019-Q2,37258.8
Portugal,2023-Q2,40765.7
Portugal,2023-Q1,40668.2
Portugal,2022-Q4,40299.9
Portugal,2022-Q3,40098.3
Portugal,2022-Q2,39729.9
Portugal,2022-Q1,39676.6
Portugal,2021-Q4,39147.4
Portugal,2021-Q3,38430.9
Portugal,2021-Q2,37145.5
Portugal,2021-Q1,35521.6
Portugal,2020-Q4,36606.6
Portugal,2020-Q3,36497.1
Portugal,2020-Q2,31934.5
Portugal,2020-Q1,37613
Portugal,2019-Q4,39303.4
Portugal,2019-Q3,38995.2
Portugal,2019-Q2,38871.2
Poland,2016-Q4,32683.3
Czechia,2002-Q2,30632.2
Czechia,2002-Q1,30475.2
Czechia,2001-Q4,30465.9
Czechia,2001-Q3,30236
Czechia,2001-Q2,30091.8
Czechia,2001-Q1,30044.1
Czechia,2000-Q4,29550.9
Czechia,2000-Q3,29437.2
Czechia,2000-Q2,29082.1
Czechia,2000-Q1,28798.7
Czechia,1999-Q4,28397.9
Sweden,2012-Q2,54489.9
Sweden,2012-Q1,54258.5
Sweden,2011-Q4,53775.2
Sweden,2011-Q3,55475.8
Sweden,2011-Q2,55122.6
Sweden,2011-Q1,54756.1
Sweden,2010-Q4,54458
Sweden,2010-Q3,54170.2
Sweden,2010-Q2,53417
Sweden,2010-Q1,51788.6
Sweden,2009-Q4,51071.2
Sweden,2009-Q3,51101.8
Sweden,2009-Q2,51274.8
Sweden,2009-Q1,51133.3
Sweden,2008-Q4,51706.3
Sweden,2008-Q3,54003
Sweden,2008-Q2,54584.6
Sweden,2008-Q1,55033.2
Poland,2001-Q1,18439.1
Poland,2000-Q4,18511.4
Poland,2000-Q3,18170
Poland,1998-Q3,16620.9
Poland,1998-Q2,16459.2
European Union (27 countries from 01/02/2020),1997-Q2,36514.1
European Union (27 countries from 01/02/2020),1997-Q3,36763.1
European Union (27 countries from 01/02/2020),1997-Q4,37135.6
European Union (27 countries from 01/02/2020),1998-Q1,37407.1
European Union (27 countries from 01/02/2020),1998-Q2,37540.4
European Union (27 countries from 01/02/2020),1998-Q3,37750.7
European Union (27 countries from 01/02/2020),1998-Q4,37868.3
Italy,2014-Q1,45773.2
Italy,2013-Q4,45755.2
Italy,2013-Q3,45836
Italy,2013-Q2,45696.6
Italy,2013-Q1,45720.3
Poland,2002-Q4,18987.4
Poland,1999-Q2,17169.3
Poland,1999-Q1,16810.7
Poland,1998-Q4,16676.4
Italy,2006-Q3,51107.7
Italy,2006-Q2,51004.2
Italy,2006-Q1,50891.3
Italy,2005-Q4,50771.1
Italy,2005-Q3,50593.7
Belgium,1996-Q3,43957.9
Belgium,1996-Q2,43753.3
Belgium,2023-Q4,61885.8
Belgium,2023-Q3,61761.9
Belgium,2023-Q2,61743
Belgium,2023-Q1,61648.5
Italy,2002-Q4,50335.6
Italy,2002-Q3,50080.7
Italy,2002-Q2,50065.5
Italy,2002-Q1,49949.8
Italy,2001-Q4,49894
Italy,2001-Q3,49977.5
Italy,2001-Q2,50201.7
Italy,2001-Q1,50250.8
Italy,2000-Q4,49837.5
Italy,2000-Q3,49370.8
Italy,2000-Q2,48947.4
Italy,2000-Q1,48641.7
Italy,1999-Q4,48066.9
Italy,1999-Q3,47346.2
Italy,1999-Q2,46856.5
Italy,1999-Q1,46669.4
Italy,1998-Q4,46455.7
Italy,1998-Q3,46609.7
Italy,1998-Q2,46566.4
Belgium,2020-Q4,57245.7
Belgium,2020-Q3,57544.4
Czechia,2006-Q2,37322
Czechia,2006-Q1,36659.4
Czechia,2005-Q4,35975.8
Czechia,2005-Q3,35411.3
Czechia,2005-Q2,34941.6
Czechia,2005-Q1,34481.5
Czechia,2004-Q4,33896.7
Belgium,2012-Q1,55330.3
Belgium,2011-Q4,55432.9
Belgium,2011-Q3,55391.4
Belgium,2011-Q2,55374.7
Belgium,2011-Q1,55351.7
Belgium,2010-Q4,55321.6
Belgium,2010-Q3,55134.1
Belgium,2010-Q2,55055.2
Belgium,2010-Q1,54685.9
Belgium,2009-Q4,54593.7
Belgium,2009-Q3,54332.6
Belgium,2009-Q2,53695.3
Belgium,2008-Q4,54348.4
Belgium,2008-Q3,55677.7
Belgium,2008-Q2,56115.9
Belgium,2008-Q1,56208
Belgium,2007-Q4,56080.1
Belgium,2007-Q2,55608.6
Belgium,2007-Q1,55471.2
Belgium,2013-Q1,54729.8
Poland,2007-Q3,24193.5
Poland,2007-Q2,23780.6
Poland,2007-Q1,23470.8
Poland,2006-Q4,22536.4
Poland,2016-Q2,31889
Poland,2013-Q3,28703.6
Poland,2013-Q2,28492.9
Poland,2013-Q1,28267.5
Poland,2003-Q3,19650.2
Poland,2003-Q2,19400.9
Poland,2003-Q1,19076.7
Poland,2000-Q2,18109.9
Poland,2000-Q1,17912.6
Poland,1999-Q4,17784.2
Poland,2024-Q4,43710.9
Poland,2024-Q3,43067.1
Poland,2024-Q2,42987.3
Poland,2024-Q1,42340.4
Poland,2023-Q4,41974
Poland,2023-Q3,42076
Poland,2023-Q2,41274.6
Poland,2023-Q1,41480.6
Poland,2022-Q4,41015.3
Poland,2022-Q3,41663.1
Poland,2022-Q2,41411.2
Poland,2021-Q4,41491
Poland,2021-Q3,40633.6
Belgium,1998-Q2,46151.4
Belgium,1998-Q1,46024.1
Belgium,1997-Q4,45942
Belgium,1997-Q3,45710.2
Czechia,2017-Q2,45293.8
Czechia,2017-Q1,44210.3
Czechia,2016-Q4,43499.1
Czechia,2016-Q3,43126.1
Czechia,2016-Q2,42730.6
Czechia,2016-Q1,42624.7
Czechia,2015-Q4,42491.1
Czechia,2015-Q3,42283.5
Czechia,2015-Q2,41809.8
Czechia,2015-Q1,41306
Czechia,2014-Q4,40544.1
Czechia,2014-Q3,40185.1
Czechia,2014-Q2,39756.1
Czechia,2014-Q1,39433.7
Czechia,2013-Q4,39580.1
Czechia,2013-Q3,39131.7
Czechia,2013-Q2,38932.1
Czechia,2013-Q1,38778.9
Czechia,2003-Q4,32093.6
Czechia,2003-Q3,31893.5
Czechia,2003-Q2,31583.7
Czechia,2003-Q1,31303.8
Czechia,2002-Q4,30929
Czechia,2002-Q3,30804.4
Czechia,1997-Q4,27545
Czechia,1997-Q3,27620.2
Czechia,1997-Q2,27773.7
Czechia,1997-Q1,27827.9
Czechia,1996-Q4,27967.9
Czechia,1996-Q3,27950.9
Czechia,1996-Q2,27800.8
Czechia,1996-Q1,27619.7
Belgium,1996-Q4,44275
Belgium,1996-Q1,43453.7
Belgium,1995-Q4,43668.9
Belgium,1995-Q3,43556.8
Belgium,1995-Q2,43236.7
Belgium,1995-Q1,43028.9
Czechia,2022-Q4,47125.4
Czechia,2022-Q3,47450.7
Czechia,2022-Q2,47646.8
Czechia,2022-Q1,48552.5
Czechia,2021-Q4,48270.4
Czechia,2021-Q3,47981.2
Czechia,2021-Q2,47226.3
Czechia,2021-Q1,46554.2
Czechia,2020-Q4,46563
Czechia,2020-Q3,46243.2
Czechia,2020-Q2,43092.2
Czechia,2020-Q1,46847.7
Czechia,2019-Q4,48448.2
Czechia,2019-Q3,48177.2
Czechia,2019-Q2,47869.1
Czechia,2019-Q1,47645.8
Sweden,2007-Q4,55332.6
Sweden,2007-Q3,54915.9
Sweden,2007-Q2,54849
Sweden,2007-Q1,54316.9
Sweden,2006-Q4,54111.9
Poland,1998-Q1,16457.4
Poland,1997-Q4,16141.2
Poland,1997-Q3,15866.5
Poland,1997-Q2,15808.3
Poland,1997-Q1,15591.5
Sweden,2012-Q4,53968.9
Sweden,2012-Q3,54694.4
Italy,2015-Q3,46207.6
Italy,2015-Q2,46166.6
Italy,2015-Q1,45944
Italy,2014-Q4,45743.5
Italy,2014-Q3,45807.2
Italy,2014-Q2,45794.2
Belgium,2018-Q3,58131.4
Belgium,2007-Q3,55947.7
Belgium,2004-Q1,51716.5
Belgium,2003-Q1,50495.1
Belgium,2000-Q4,49907.6
Sweden,2023-Q2,59531.4
Sweden,2023-Q1,60080.9
Belgium,2022-Q4,61580.6
Belgium,2022-Q3,61481.2
Belgium,2022-Q2,61156.9
Belgium,2022-Q1,60728.3
Belgium,2021-Q4,60486.3
Belgium,2021-Q3,60005.3
Belgium,2021-Q2,58924.2
Belgium,2021-Q1,58117.9
Czechia,2018-Q4,46988.9
Czechia,2018-Q3,46541
Czechia,2018-Q2,46257.9
Czechia,2018-Q1,46124
Czechia,2017-Q4,45919.2
Czechia,2017-Q3,45632.4
Czechia,2009-Q3,37793.7
Czechia,2009-Q2,37674.4
Czechia,2009-Q1,37904.6
Czechia,2008-Q4,39211.5
Czechia,2008-Q3,40157.6
Czechia,2008-Q2,40142.9
Czechia,2008-Q1,39982.9
Czechia,2007-Q4,39882.3
Czechia,2007-Q3,39471.4
Czechia,2007-Q2,39043.5
Czechia,2007-Q1,38826.7
Czechia,2006-Q4,38156.9
Czechia,2006-Q3,37730.3
Sweden,1999-Q3,44406.6
Sweden,1999-Q2,43775.6
Sweden,1998-Q2,42270
Czechia,2012-Q4,38916.9
Czechia,2012-Q3,38973.9
Czechia,2012-Q2,39120.1
Czechia,2012-Q1,39400
Czechia,2011-Q4,39458.6
Czechia,2011-Q3,39448.4
Czechia,2011-Q2,39483
Czechia,2011-Q1,39279
Czechia,2010-Q4,39071.9
Czechia,2010-Q3,38926.5
Czechia,2010-Q2,38566.5
Czechia,2010-Q1,38047.3
Czechia,2009-Q4,37756.5
Sweden,2018-Q3,57908.7
Sweden,1997-Q3,40958.9
Sweden,2018-Q2,58122
Sweden,2018-Q1,57947.9
Sweden,2015-Q2,57155.1
Sweden,2017-Q4,57776.1
Sweden,2017-Q3,57686.7
Sweden,2017-Q2,57643.4
Sweden,2017-Q1,57688.8
Sweden,2016-Q4,57388.9
Sweden,2016-Q3,57359.7
Belgium,2006-Q4,54809.9
Belgium,2006-Q3,54292
Belgium,2006-Q2,53887
Belgium,2006-Q1,53790.9
Belgium,2005-Q4,53561.7
Poland,2006-Q3,22850
Poland,2006-Q2,22479.3
Poland,2003-Q4,19805.2
Belgium,2012-Q4,55017.1
Belgium,2012-Q3,55162.2
Belgium,2012-Q2,55147.7
Poland,1999-Q3,17515.3
Poland,1996-Q4,14685.3
Poland,1996-Q3,15209.7
Poland,1996-Q2,15044.6
Poland,1996-Q1,14749.7
Poland,1995-Q4,14443.1
Poland,1995-Q3,14275.5
Poland,1995-Q2,13888.4
Poland,1995-Q1,13639.5
Poland,2025-Q1,44048.9
Belgium,1999-Q2,47411.2
Belgium,1999-Q1,46810.9
Belgium,1998-Q4,46367.8
Belgium,1998-Q3,46280.9
Belgium,1997-Q2,45323.4
Belgium,1997-Q1,44679.2
Sweden,2002-Q4,47789.3
Sweden,2002-Q3,47726.1
Sweden,2002-Q2,47877.6
Sweden,2002-Q1,47394.4
Sweden,2001-Q4,47050.6
Sweden,2001-Q3,46866.2
Sweden,2001-Q2,46532.7
Sweden,2001-Q1,46751.3
Sweden,2000-Q4,46770.7
Sweden,2000-Q3,46741.3
Sweden,1997-Q2,40714.8
Sweden,1997-Q1,40069
Sweden,1996-Q4,39907.1
Sweden,1996-Q3,39442.5
Sweden,1996-Q2,39265.6
Sweden,1996-Q1,39650.1
Sweden,1995-Q4,39348.8
Sweden,1995-Q3,38857.9
Sweden,1995-Q2,38906.2
Sweden,1995-Q1,38694.5
Sweden,2019-Q2,59130.5
Czechia,1999-Q3,28058
Czechia,1999-Q2,27804.5
Czechia,1999-Q1,27675.5
Czechia,1998-Q4,27642.9
Czechia,1998-Q3,27637.6
Czechia,1998-Q2,27622.5
Czechia,1998-Q1,27532.3
Sweden,2015-Q4,57413.1
Sweden,2015-Q3,56994.1
Belgium,2005-Q3,53249.7
Belgium,2005-Q2,53099.9
Belgium,2005-Q1,52873.3
Belgium,2004-Q4,52682.4
Belgium,2004-Q3,52559
Belgium,2004-Q2,52145.3
Belgium,2003-Q4,51014.6
Belgium,2003-Q3,50715.9
Belgium,2003-Q2,50544.1
Belgium,2002-Q4,50695.3
Belgium,2002-Q3,50557.2
Belgium,2002-Q2,50320.6
Belgium,2002-Q1,49955.1
Belgium,2001-Q4,49598.1
Belgium,2001-Q3,49709.5
Belgium,2001-Q2,49846
Belgium,2001-Q1,49884.3
Belgium,2000-Q3,49466.8
Belgium,2000-Q2,49247.9
Belgium,2000-Q1,48928
Belgium,1999-Q4,48622.4
Belgium,1999-Q3,48087.9
Sweden,2024-Q4,60145.3
Sweden,2024-Q3,59924.4
Sweden,2024-Q2,59708.1
Sweden,2024-Q1,59879.4
Sweden,2014-Q4,55464.4
Sweden,2014-Q3,55401.3
Sweden,2014-Q2,55126.1
Sweden,2014-Q1,55002.4
Sweden,2020-Q2,54351.4
Sweden,2006-Q3,53699.3
Sweden,2006-Q2,53336.1
Sweden,2006-Q1,52570.9
Sweden,2005-Q4,51704.2
Sweden,2005-Q3,51653.7
Sweden,2005-Q2,50976.6
Sweden,2005-Q1,50611.2
Sweden,2004-Q4,50445.8
Sweden,2004-Q3,50227.8
Sweden,2004-Q2,49892
Sweden,2004-Q1,49562.6
Sweden,2003-Q4,48838.2
Sweden,2003-Q3,48542
Sweden,2003-Q2,48219
Sweden,2003-Q1,48338.2
Poland,2019-Q1,36903.7
Poland,2018-Q4,36370.7
Sweden,2023-Q3,59580.4
Sweden,2022-Q2,60485.2
Sweden,2022-Q1,60250.1
Sweden,2021-Q4,60594.6
Sweden,2021-Q3,59473.7
Sweden,2021-Q2,59863.8
Sweden,2021-Q1,59490.3
Sweden,2020-Q4,58104.7
Sweden,2020-Q3,57386.6
Czechia,2004-Q3,33350.9
Czechia,2004-Q2,32890.2
Sweden,2025-Q1,60075.4
Czechia,2004-Q1,32481.5
Sweden,2019-Q3,58779.4
Czechia,2025-Q2,48626.3
Czechia,2025-Q1,48454.1
Czechia,2024-Q4,48120.5
Czechia,2024-Q3,47768.9
Czechia,2024-Q2,47568.2
Czechia,2024-Q1,47330.5
Czechia,2023-Q4,47250.3
Czechia,2023-Q3,47095.4
Czechia,2023-Q2,47381.4
Czechia,2023-Q1,47263.9
Sweden,2013-Q4,54880.4
Sweden,2013-Q3,54561.6
Sweden,2013-Q2,54264.4
Sweden,2013-Q1,54229.6
Sweden,1999-Q1,43579.4
Sweden,2000-Q2,46335.9
Sweden,2000-Q1,45043.2
Sweden,1999-Q4,44914.3
Belgium,2009-Q1,53731.3
Poland,2022-Q1,41832.9
Poland,2020-Q1,38831
Korea,2000-Q3,26041
Austria,1995-Q2,45188.8
Austria,1995-Q3,45281.5
Austria,1995-Q4,45423
Korea,2004-Q2,30593.9
Korea,2005-Q3,32161.3
Korea,2006-Q1,32950.4
Korea,2024-Q3,53562.1
Korea,2024-Q4,53594.4
Korea,2025-Q1,53436
Korea,2025-Q2,53768.5
Austria,1995-Q1,45002.8
Korea,2015-Q4,44037.6
Korea,2016-Q1,44162.7
Korea,2017-Q2,45920.1
Korea,2017-Q3,46511.4
Korea,2019-Q3,48350.7
Korea,2021-Q3,50148.8
Korea,1995-Q1,19553.9
Korea,2008-Q2,36188.5
Korea,1996-Q4,21968.8
Korea,1997-Q2,22744
Korea,1997-Q4,22736.6
Korea,1998-Q1,21174.3
Korea,1998-Q2,20975.2
Korea,1998-Q3,21348.3
Korea,1999-Q1,22484.7
Korea,1999-Q2,23416.3
Korea,1999-Q4,24632.9
Korea,2003-Q4,29974.5
Korea,2001-Q1,26113.3
Korea,2001-Q4,27116.6
Korea,2002-Q2,28326.3
Korea,2002-Q3,28814.6
Korea,2003-Q2,28834.2
Korea,2003-Q3,29260.1
Korea,1995-Q3,20255.4
Korea,2006-Q2,33138.6
Korea,2006-Q3,33610.7
Korea,2006-Q4,33854.2
Korea,2004-Q1,30366.2
Korea,2004-Q3,30649.1
Korea,2004-Q4,30888.5
Korea,2005-Q1,31172.8
Korea,2005-Q2,31744.2
Korea,2005-Q4,32486.2
Korea,2007-Q2,34962
Korea,2009-Q3,36625.9
Korea,2010-Q3,38563.3
Korea,2010-Q4,39029.3
Korea,2011-Q2,39399.8
Korea,2011-Q3,39516
Korea,2012-Q2,40178.2
Korea,2012-Q3,40317.7
Korea,2013-Q1,40854.3
Korea,2013-Q2,41271.2
Korea,2013-Q3,41625.7
Korea,2013-Q4,41921.4
Korea,2014-Q1,42169.5
Korea,2014-Q2,42499
Korea,2014-Q3,42544.2
Korea,2014-Q4,42715.4
Korea,2015-Q2,43157.7
Korea,2015-Q3,43746.2
Czechia,1995-Q4,26940.7
Czechia,1995-Q3,27144.7
Czechia,1995-Q2,26374.8
Czechia,1995-Q1,26268.3
Korea,2007-Q1,34422.2
Italy,1995-Q1,44225.8
Italy,1995-Q4,44833.8
Italy,1995-Q3,44521.8
Italy,1995-Q2,44223.1
Netherlands,1995-Q1,44677.8
Netherlands,1995-Q2,44975.8
Netherlands,1995-Q3,45276.4
Netherlands,1995-Q4,45546
Korea,1995-Q4,20590.8
Korea,1996-Q3,21641.5
Korea,1997-Q1,22024.2
Korea,1997-Q3,22917.2
Korea,1998-Q4,21840.3
Korea,1999-Q3,24039.1
Korea,2000-Q1,25075.3
Korea,2000-Q4,25898.1
Korea,2001-Q2,26461.4
Korea,2001-Q3,26750.7
Korea,2002-Q1,27832.6
Korea,2002-Q4,29049.7
Korea,2003-Q1,28854.6
Korea,2007-Q4,35939.1
Korea,2008-Q1,36127.7
Korea,2008-Q4,35093.5
Korea,2009-Q1,35139.7
Korea,2009-Q4,36860
Korea,2010-Q1,37675.2
Korea,2010-Q2,38239.9
Korea,2011-Q1,39309.8
Korea,2011-Q4,39725.2
Korea,2012-Q1,40053.2
Korea,2012-Q4,40577.4
Korea,2015-Q1,43029.3
Korea,2016-Q2,44671
Korea,2016-Q3,44811.6
Korea,2016-Q4,45132.8
Korea,2017-Q1,45618.4
Korea,2017-Q4,46347.6
Korea,2018-Q1,46970.2
Korea,2018-Q2,47285.6
Korea,2018-Q3,47477.2
Korea,2018-Q4,47698.7
Korea,2019-Q1,47700.8
Korea,2019-Q2,48286.4
Korea,2019-Q4,48802.9
Korea,2020-Q1,48157.6
Korea,2020-Q2,46836
Korea,2020-Q3,47880.5
Korea,2020-Q4,48653.1
Korea,2021-Q1,49401.6
Korea,2021-Q2,50119.7
Korea,2021-Q4,50948.5
Korea,2022-Q1,51184.6
Korea,2022-Q2,51660.9
Korea,2022-Q3,51922.5
Korea,2022-Q4,51708.4
Korea,2023-Q1,51853.5
Sweden,2022-Q4,59389.4
Sweden,2022-Q3,59937.5
Korea,1996-Q1,20959.6
Spain,2025-Q1,46423.6
Germany,2024-Q4,61049.6
Germany,2025-Q1,61243.2
Germany,2025-Q2,61135.1
Germany,2022-Q4,62123.4
Germany,2023-Q1,61655.8
Germany,2023-Q2,61560.8
Germany,2023-Q3,61495.7
Germany,2023-Q4,61241.3
Germany,2024-Q1,61152.7
Germany,2024-Q2,60960.5
Germany,2024-Q3,60955.4
Hungary,2024-Q4,40211.9
Hungary,2025-Q1,40184.2
Hungary,2025-Q2,40424.6
Greece,2022-Q3,34367.5
Greece,2022-Q4,34711
Greece,2023-Q1,34755.8
Greece,2023-Q2,35175.2
Greece,2023-Q3,35233.8
Greece,2023-Q4,35447.2
Greece,2024-Q1,35583.2
Greece,2024-Q2,35987.3
Greece,2024-Q3,36090.2
Greece,2024-Q4,36391.2
Greece,2025-Q1,36409.9
Greece,2025-Q2,36597.5
Germany,2022-Q1,62851.2
Germany,2022-Q2,62462.3
Germany,2022-Q3,62464
Spain,2025-Q2,46667.3
Spain,2025-Q3,46873.2
Mexico,2025-Q2,21830.7
Netherlands,2023-Q1,68283.5
Netherlands,2023-Q2,67909.2
Netherlands,2023-Q3,67373.5
Netherlands,2023-Q4,67397
Netherlands,2024-Q1,67348
Netherlands,2024-Q2,67965
Netherlands,2024-Q3,68286.5
Netherlands,2024-Q4,68489.7
Netherlands,2025-Q1,68636.2
Mexico,2021-Q1,20364.1
Mexico,2021-Q2,20502.7
Mexico,2021-Q3,20268.7
Mexico,2021-Q4,20474.8
Mexico,2022-Q1,20739.7
Mexico,2022-Q2,20926.4
Mexico,2022-Q3,21045
Mexico,2022-Q4,21284.9
Mexico,2023-Q1,21422.9
Mexico,2023-Q2,21558.2
Mexico,2023-Q3,21645.5
Mexico,2023-Q4,21697.1
Mexico,2024-Q1,21692.6
Mexico,2024-Q2,21681.7
Mexico,2025-Q1,21718.5
Mexico,2024-Q3,21836.4
Mexico,2024-Q4,21679.8
Netherlands,2025-Q2,68747
Greece,2022-Q1,33923.5
Greece,2022-Q2,34014.9
Japan,2024-Q3,45597.8
Japan,2025-Q1,46013.4
Japan,2025-Q2,46298
Hungary,2024-Q1,40115.9
Hungary,2024-Q2,40118.1
Hungary,2024-Q3,40016.6
Belgium,2025-Q2,62382.2
Belgium,2025-Q1,62302.1
Belgium,2024-Q4,62121.4
Belgium,2024-Q3,62116.1
Belgium,2024-Q2,62059.5
Belgium,2024-Q1,62032.7
Portugal,2024-Q4,41478.4
Portugal,2024-Q3,41110.1
Korea,2007-Q3,35316.7
Korea,1996-Q2,21307.2
Korea,2008-Q3,36366.4
Korea,2009-Q2,35580.1
Portugal,2024-Q1,41008.7
Portugal,2025-Q2,41399.7
Portugal,2025-Q1,41336.3
Poland,2025-Q2,44447.3
Spain,2022-Q1,43663.2
Spain,2022-Q2,44253.2
Spain,2022-Q3,44452.1
Spain,2022-Q4,44548.7
Spain,2023-Q1,44641.2
Spain,2023-Q2,44618.6
Spain,2023-Q3,44840.1
Spain,2023-Q4,45050.2
Spain,2024-Q1,45432.5
Spain,2024-Q2,45757.3
Spain,2024-Q3,45994.1
Sweden,2018-Q4,58425.6
Poland,2010-Q1,26045
Korea,2000-Q2,25406.1
Spain,2024-Q4,46242.8
Korea,2023-Q2,52205
Korea,2023-Q3,52623.5
Korea,2023-Q4,52900.9
Korea,2024-Q1,53576
Korea,2024-Q2,53500.4
